id, name, play, number of lines, num words, num talked to, avg line length
0, FDT, allsWellThatEndsWell, 1, 9, 0, 9
1, HELEN, allsWellThatEndsWell, 110, 3877, 19, 35
2, BERTRAM, allsWellThatEndsWell, 103, 2273, 11, 22
3, COUNTESS, allsWellThatEndsWell, 88, 2383, 13, 27
4, STEWARD, allsWellThatEndsWell, 7, 366, 2, 52
5, FOOL, allsWellThatEndsWell, 60, 1802, 8, 30
6, PAGE, allsWellThatEndsWell, 2, 10, 3, 5
7, PAROLLES, allsWellThatEndsWell, 143, 3320, 14, 23
8, KING, allsWellThatEndsWell, 87, 3028, 14, 35
9, LAFEW, allsWellThatEndsWell, 99, 2455, 9, 25
10, FIRST, allsWellThatEndsWell, 93, 93, 15, 1
11, LORD, allsWellThatEndsWell, 106, 2288, 14, 22
12, SECOND, allsWellThatEndsWell, 50, 50, 11, 1
13, LORDS, allsWellThatEndsWell, 2, 25, 3, 13
14, GENTLEMAN, allsWellThatEndsWell, 24, 321, 6, 13
15, SOLDIER, allsWellThatEndsWell, 41, 706, 6, 17
16, DUKE, allsWellThatEndsWell, 7, 148, 9, 21
17, WIDOW, allsWellThatEndsWell, 22, 479, 7, 22
18, DIANA, allsWellThatEndsWell, 45, 1125, 9, 25
19, MARIANA, allsWellThatEndsWell, 6, 197, 4, 33
20, ACT, allsWellThatEndsWell, 5, 50, 8, 10
21, ALL, allsWellThatEndsWell, 2, 20, 3, 10
22, COURT, allsWellThatEndsWell, 3, 3, 4, 1
23, FOURTH, allsWellThatEndsWell, 1, 1, 2, 1
24, BOTH, allsWellThatEndsWell, 1, 14, 2, 14
25, SERVANT, allsWellThatEndsWell, 1, 36, 2, 36
26, EPILOGUE, allsWellThatEndsWell, 1, 55, 0, 55
27, FDT, antonyAndCleopatra, 1, 9, 0, 9
28, ANTONY, antonyAndCleopatra, 204, 6500, 30, 32
29, CLEOPATRA, antonyAndCleopatra, 205, 5168, 25, 25
30, OCTAVIUS, antonyAndCleopatra, 1, 1, 2, 1
31, CAESAR, antonyAndCleopatra, 97, 3126, 25, 32
32, OCTAVIA, antonyAndCleopatra, 14, 271, 4, 19
33, LEPIDUS, antonyAndCleopatra, 31, 466, 11, 15
34, ENOBARBUS, antonyAndCleopatra, 114, 2715, 24, 24
35, DOMITIUS, antonyAndCleopatra, 1, 8, 2, 8
36, VENTIDIUS, antonyAndCleopatra, 5, 236, 4, 47
37, SILIUS, antonyAndCleopatra, 4, 75, 2, 19
38, EROS, antonyAndCleopatra, 28, 347, 9, 12
39, CANIDIUS, antonyAndCleopatra, 11, 197, 8, 18
40, SCARUS, antonyAndCleopatra, 13, 305, 6, 23
41, DERCETUS, antonyAndCleopatra, 6, 171, 5, 29
42, DEMETRIUS, antonyAndCleopatra, 3, 48, 4, 16
43, PHILO, antonyAndCleopatra, 3, 135, 4, 45
44, SCHOOLMASTER, antonyAndCleopatra, 1, 2, 2, 2
45, AMBASSADOR, antonyAndCleopatra, 6, 125, 4, 21
46, CHARMIAN, antonyAndCleopatra, 64, 779, 12, 12
47, IRAS, antonyAndCleopatra, 19, 193, 7, 10
48, ALEXAS, antonyAndCleopatra, 16, 239, 6, 15
49, MARDIAN, antonyAndCleopatra, 8, 136, 4, 17
50, SELEUCUS, antonyAndCleopatra, 4, 36, 4, 9
51, DIOMEDES, antonyAndCleopatra, 8, 151, 5, 19
52, MAECENAS, antonyAndCleopatra, 16, 254, 6, 16
53, AGRIPPA, antonyAndCleopatra, 29, 417, 8, 14
54, TAURUS, antonyAndCleopatra, 2, 6, 3, 3
55, THIDIAS, antonyAndCleopatra, 13, 216, 6, 17
56, DOLABELLA, antonyAndCleopatra, 24, 348, 10, 15
57, GALLUS, antonyAndCleopatra, 2, 17, 3, 9
58, PROCULEIUS, antonyAndCleopatra, 11, 230, 5, 21
59, SEXTUS, antonyAndCleopatra, 1, 1, 2, 1
60, POMPEIUS, antonyAndCleopatra, 1, 3, 2, 3
61, POMPEY, antonyAndCleopatra, 42, 1012, 10, 24
62, MENAS, antonyAndCleopatra, 38, 534, 7, 14
63, MENECRATES, antonyAndCleopatra, 1, 1, 2, 1
64, VARRIUS, antonyAndCleopatra, 2, 30, 3, 15
65, MESSENGERS, antonyAndCleopatra, 1, 1, 2, 1
66, SOLDIERS, antonyAndCleopatra, 1, 1, 2, 1
67, SENTRIES, antonyAndCleopatra, 1, 1, 2, 1
68, GUARDSMEN, antonyAndCleopatra, 1, 2, 2, 2
69, SOOTHSAYER, antonyAndCleopatra, 15, 236, 6, 16
70, SERVANTS, antonyAndCleopatra, 1, 2, 2, 2
71, BOY, antonyAndCleopatra, 2, 28, 4, 14
72, CAPTAIN, antonyAndCleopatra, 2, 10, 4, 5
73, EGYPTIAN, antonyAndCleopatra, 3, 43, 3, 14
74, COUNTRYMAN, antonyAndCleopatra, 9, 294, 3, 33
75, ACT, antonyAndCleopatra, 5, 50, 8, 10
76, MESSENGER, antonyAndCleopatra, 47, 580, 8, 12
77, SECOND, antonyAndCleopatra, 23, 23, 10, 1
78, THIRD, antonyAndCleopatra, 7, 7, 4, 1
79, BOTH, antonyAndCleopatra, 1, 5, 1, 5
80, ALL, antonyAndCleopatra, 15, 102, 11, 7
81, FIRST, antonyAndCleopatra, 30, 30, 12, 1
82, SERVANT, antonyAndCleopatra, 10, 160, 5, 16
83, SOLDIER, antonyAndCleopatra, 36, 466, 11, 13
84, THE, antonyAndCleopatra, 1, 1, 2, 1
85, SERVITORS, antonyAndCleopatra, 1, 5, 2, 5
86, FOURTH, antonyAndCleopatra, 1, 1, 1, 1
87, SENTRY, antonyAndCleopatra, 5, 101, 5, 20
88, WATCH, antonyAndCleopatra, 10, 78, 5, 8
89, GUARD, antonyAndCleopatra, 16, 164, 9, 10
90, GUARDSMAN, antonyAndCleopatra, 2, 25, 1, 13
91, FDT, asYouLikeIt, 1, 9, 0, 9
92, ORLANDO, asYouLikeIt, 121, 2666, 16, 22
93, OLIVER, asYouLikeIt, 42, 1264, 12, 30
94, SECOND, asYouLikeIt, 12, 12, 8, 1
95, BROTHER, asYouLikeIt, 3, 140, 4, 47
96, ADAM, asYouLikeIt, 11, 548, 7, 50
97, DENNIS, asYouLikeIt, 3, 25, 3, 8
98, ROSALIND, asYouLikeIt, 202, 6249, 18, 31
99, CELIA, asYouLikeIt, 109, 2383, 12, 22
100, TOUCHSTONE, asYouLikeIt, 75, 2547, 17, 34
101, DUKE, asYouLikeIt, 54, 54, 15, 1
102, FREDERICK, asYouLikeIt, 21, 592, 8, 28
103, CHARLES, asYouLikeIt, 9, 397, 5, 44
104, BEAU, asYouLikeIt, 15, 411, 8, 27
105, FIRST, asYouLikeIt, 13, 13, 9, 1
106, LORD, asYouLikeIt, 15, 544, 5, 36
107, SENIOR, asYouLikeIt, 33, 907, 12, 27
108, JAQUES, asYouLikeIt, 58, 1875, 15, 32
109, AMIENS, asYouLikeIt, 12, 293, 6, 24
110, PAGE, asYouLikeIt, 7, 267, 5, 38
111, CORIN, asYouLikeIt, 25, 609, 8, 24
112, SILVIUS, asYouLikeIt, 25, 599, 5, 24
113, PHOEBE, asYouLikeIt, 24, 748, 7, 31
114, AUDREY, asYouLikeIt, 13, 182, 5, 14
115, WILLIAM, asYouLikeIt, 12, 77, 4, 6
116, SIR, asYouLikeIt, 1, 1, 2, 1
117, MARTEXT, asYouLikeIt, 4, 53, 5, 13
118, HYMEN, asYouLikeIt, 3, 196, 5, 65
119, ACT, asYouLikeIt, 5, 50, 9, 10
120, ALL, asYouLikeIt, 1, 48, 1, 48
121, PAGES, asYouLikeIt, 1, 187, 2, 187
122, EPILOGUE, asYouLikeIt, 1, 3, 2, 3
123, FDT, comedyOfErrors, 1, 9, 0, 9
124, EGEON, comedyOfErrors, 18, 1143, 9, 64
125, DUKE, comedyOfErrors, 24, 754, 12, 31
126, ANTIPHOLUS, comedyOfErrors, 181, 181, 14, 1
127, SYRACUSE, comedyOfErrors, 204, 4645, 11, 23
128, DROMIO, comedyOfErrors, 164, 164, 11, 1
129, FIRST, comedyOfErrors, 4, 4, 3, 1
130, MERCHANT, comedyOfErrors, 18, 439, 8, 24
131, EPHESUS, comedyOfErrors, 141, 3427, 14, 24
132, ADRIANA, comedyOfErrors, 80, 2287, 16, 29
133, LUCIANA, comedyOfErrors, 44, 884, 12, 20
134, LUCE, comedyOfErrors, 8, 90, 6, 11
135, MESSENGER, comedyOfErrors, 3, 142, 4, 47
136, ANGELO, comedyOfErrors, 32, 712, 13, 22
137, SECOND, comedyOfErrors, 14, 14, 6, 1
138, BALTHASAR, comedyOfErrors, 6, 223, 6, 37
139, COURTESAN, comedyOfErrors, 12, 332, 9, 28
140, PINCH, comedyOfErrors, 7, 124, 6, 18
141, OFFICER, comedyOfErrors, 12, 128, 8, 11
142, LADY, comedyOfErrors, 1, 1, 2, 1
143, ABBESS, comedyOfErrors, 17, 604, 9, 36
144, ACT, comedyOfErrors, 5, 50, 8, 10
145, JAILER, comedyOfErrors, 1, 6, 2, 6
146, FDT, coriolanus, 1, 10, 0, 10
147, MARTIUS, coriolanus, 42, 1735, 15, 41
148, CORIOLANUS, coriolanus, 150, 5212, 29, 35
149, VOLUMNIA, coriolanus, 58, 2537, 11, 44
150, VIRGILIA, coriolanus, 28, 291, 8, 10
151, YOUNG, coriolanus, 2, 2, 2, 1
152, VALERIA, coriolanus, 16, 387, 5, 24
153, GENTLEWOMAN, coriolanus, 2, 14, 4, 7
154, MENENIUS, coriolanus, 164, 4632, 27, 28
155, COMINIUS, coriolanus, 66, 2089, 18, 32
156, LARTIUS, coriolanus, 24, 464, 11, 19
157, SICINIUS, coriolanus, 119, 2164, 22, 18
158, BRUTUS, coriolanus, 91, 1796, 14, 20
159, SENATORS, coriolanus, 3, 12, 5, 4
160, PATRICIANS, coriolanus, 2, 6, 4, 3
161, NOBLES, coriolanus, 1, 2, 2, 2
162, LIEUTENANT, coriolanus, 6, 97, 6, 16
163, OFFICERS, coriolanus, 1, 2, 2, 2
164, AEDILES, coriolanus, 2, 6, 3, 3
165, HERALD, coriolanus, 3, 45, 5, 15
166, SOLDIERS, coriolanus, 2, 7, 4, 4
167, CITIZENS, coriolanus, 4, 24, 6, 6
168, PLEBEIANS, coriolanus, 14, 135, 10, 10
169, MESSENGERS, coriolanus, 1, 2, 2, 2
170, ROMAN, coriolanus, 14, 292, 9, 21
171, AUFIDIUS, coriolanus, 46, 2151, 18, 47
172, CONSPIRATORS, coriolanus, 3, 26, 4, 9
173, SERVINGMEN, coriolanus, 2, 15, 4, 8
174, LORDS, coriolanus, 4, 19, 6, 5
175, WATCH, coriolanus, 19, 378, 6, 20
176, PEOPLE, coriolanus, 2, 26, 4, 13
177, VOLSCIAN, coriolanus, 1, 3, 2, 3
178, CITIZEN, coriolanus, 74, 1603, 16, 22
179, ACT, coriolanus, 5, 50, 8, 10
180, FIRST, coriolanus, 87, 87, 22, 1
181, ALL, coriolanus, 40, 168, 22, 4
182, SECOND, coriolanus, 74, 74, 21, 1
183, MESSENGER, coriolanus, 17, 455, 7, 27
184, SENATOR, coriolanus, 26, 481, 13, 19
185, SOLDIER, coriolanus, 9, 86, 6, 10
186, THIRD, coriolanus, 38, 38, 10, 1
187, BOTH, coriolanus, 9, 45, 6, 5
188, OFFICER, coriolanus, 8, 324, 4, 41
189, FOURTH, coriolanus, 3, 3, 2, 1
190, FIFTH, coriolanus, 1, 1, 2, 1
191, SIXTH, coriolanus, 1, 1, 2, 1
192, SEVENTH, coriolanus, 1, 1, 1, 1
193, PATRICIAN, coriolanus, 2, 21, 2, 11
194, NOBLE, coriolanus, 1, 8, 1, 8
195, AEDILE, coriolanus, 9, 101, 5, 11
196, TRIBUNES, coriolanus, 3, 16, 5, 5
197, VOLSCE, coriolanus, 9, 178, 1, 20
198, SERVINGMAN, coriolanus, 54, 1009, 6, 19
199, AND, coriolanus, 1, 1, 2, 1
200, CONSPIRATOR, coriolanus, 8, 216, 4, 27
201, LORD, coriolanus, 8, 198, 5, 25
202, FDT, cymbeline, 1, 9, 0, 9
203, CYMBELINE, cymbeline, 81, 2180, 19, 27
204, QUEEN, cymbeline, 27, 1278, 11, 47
205, IMOGEN, cymbeline, 119, 4730, 16, 40
206, POSTHUMUS, cymbeline, 78, 3565, 19, 46
207, LEONATUS, cymbeline, 2, 11, 4, 6
208, CLOTEN, cymbeline, 77, 2247, 15, 29
209, PISANIO, cymbeline, 59, 1651, 10, 28
210, CORNELIUS, cymbeline, 14, 556, 6, 40
211, PHILARIO, cymbeline, 15, 334, 5, 22
212, IACHIMO, cymbeline, 78, 3354, 9, 43
213, FRENCHMAN, cymbeline, 8, 198, 4, 25
214, CAIUS, cymbeline, 1, 1, 2, 1
215, LUCIUS, cymbeline, 26, 785, 12, 30
216, BELARIUS, cymbeline, 60, 2701, 9, 45
217, GUIDERIUS, cymbeline, 61, 1272, 8, 21
218, ARVIRAGUS, cymbeline, 48, 1086, 9, 23
219, LORDS, cymbeline, 1, 4, 2, 4
220, GENTLEMEN, cymbeline, 1, 5, 2, 5
221, LADY, cymbeline, 11, 94, 5, 9
222, LORD, cymbeline, 42, 758, 10, 18
223, CAPTAINS, cymbeline, 2, 4, 4, 2
224, JAILERS, cymbeline, 1, 2, 2, 2
225, MESSENGERS, cymbeline, 1, 3, 2, 3
226, SENATORS, cymbeline, 1, 1, 2, 1
227, TRIBUNES, cymbeline, 1, 2, 2, 2
228, SOOTHSAYER, cymbeline, 6, 324, 4, 54
229, JUPITER, cymbeline, 2, 171, 3, 86
230, SICILIUS, cymbeline, 8, 259, 9, 32
231, MOTHER, cymbeline, 4, 79, 4, 20
232, BROTHERS, cymbeline, 2, 32, 4, 16
233, ACT, cymbeline, 5, 50, 8, 10
234, FIRST, cymbeline, 28, 28, 13, 1
235, GENTLEMAN, cymbeline, 19, 613, 3, 32
236, SECOND, cymbeline, 34, 34, 10, 1
237, MESSENGER, cymbeline, 2, 30, 4, 15
238, ATTENDANT, cymbeline, 1, 24, 2, 24
239, SENATOR, cymbeline, 3, 109, 3, 36
240, TRIBUNE, cymbeline, 3, 25, 4, 8
241, BOTH, cymbeline, 2, 26, 2, 13
242, CAPTAIN, cymbeline, 8, 177, 6, 22
243, JAILER, cymbeline, 10, 450, 5, 45
244, BROTHER, cymbeline, 3, 140, 4, 47
245, ALL, cymbeline, 1, 4, 1, 4
246, LADIES, cymbeline, 1, 8, 1, 8
247, ACT, hamlet, 5, 50, 4, 10
248, BARNARDO, hamlet, 20, 249, 4, 12
249, FRANCISCO, hamlet, 8, 71, 3, 9
250, HORATIO, hamlet, 112, 2291, 12, 20
251, MARCELLUS, hamlet, 33, 503, 5, 15
252, KING, hamlet, 102, 4727, 16, 46
253, CORNELIUS, hamlet, 1, 0, 2, 0
254, VOLTEMAND, hamlet, 2, 164, 2, 82
255, LAERTES, hamlet, 62, 1580, 8, 25
256, POLONIUS, hamlet, 87, 2853, 9, 33
257, HAMLET, hamlet, 358, 12416, 24, 35
258, QUEEN, hamlet, 69, 1460, 11, 21
259, ALL, hamlet, 8, 45, 5, 6
260, OPHELIA, hamlet, 58, 1334, 6, 23
261, GHOST, hamlet, 14, 711, 1, 51
262, REYNALDO, hamlet, 13, 91, 1, 7
263, ROSENCRANTZ, hamlet, 49, 809, 6, 17
264, GUILDENSTERN, hamlet, 29, 381, 4, 13
265, FIRST_PLAYER, hamlet, 6, 364, 2, 61
266, PLAYER, hamlet, 2, 382, 1, 191
267, PROLOGUE, hamlet, 1, 18, 2, 18
268, PLAYER_KING, hamlet, 4, 345, 2, 86
269, PLAYER_QUEEN, hamlet, 5, 258, 2, 52
270, LUCIANUS, hamlet, 1, 43, 1, 43
271, GENTLEMEN, hamlet, 1, 6, 1, 6
272, FORTINBRAS, hamlet, 6, 201, 5, 34
273, CAPTAIN, hamlet, 7, 99, 3, 14
274, GENTLEMAN, hamlet, 3, 115, 2, 38
275, MESSENGER, hamlet, 3, 120, 2, 40
276, SAILOR, hamlet, 2, 43, 1, 22
277, GRAVEDIGGER, hamlet, 33, 798, 3, 24
278, OTHER, hamlet, 12, 124, 1, 10
279, DOCTOR, hamlet, 2, 94, 1, 47
280, OSRIC, hamlet, 25, 408, 4, 16
281, LORD, hamlet, 3, 73, 1, 24
282, AMBASSADOR, hamlet, 1, 42, 2, 42
283, FDT, henryIV1, 1, 9, 0, 9
284, KING, henryIV1, 31, 2637, 13, 85
285, HENRY, henryIV1, 1, 1, 2, 1
286, PRINCE, henryIV1, 172, 4760, 18, 28
287, HAL, henryIV1, 1, 15, 2, 15
288, LORD, henryIV1, 1, 1, 2, 1
289, JOHN, henryIV1, 2, 2, 4, 1
290, LANCASTER, henryIV1, 6, 81, 5, 14
291, EARL, henryIV1, 3, 3, 5, 1
292, WESTMORELAND, henryIV1, 10, 323, 5, 32
293, SIR, henryIV1, 8, 8, 7, 1
294, WALTER, henryIV1, 1, 1, 2, 1
295, BLUNT, henryIV1, 12, 336, 6, 28
296, HOTSPUR, henryIV1, 103, 4568, 17, 44
297, LADY, henryIV1, 18, 18, 3, 1
298, PERCY, henryIV1, 17, 463, 4, 27
299, NORTHUMBERLAND, henryIV1, 12, 201, 4, 17
300, WORCESTER, henryIV1, 36, 1502, 12, 42
301, EDMUND, henryIV1, 1, 1, 2, 1
302, MORTIMER, henryIV1, 15, 491, 8, 33
303, OWEN, henryIV1, 1, 1, 2, 1
304, GLENDOWER, henryIV1, 24, 664, 4, 28
305, DOUGLAS, henryIV1, 20, 399, 9, 20
306, ARCHBISHOP, henryIV1, 6, 277, 5, 46
307, MICHAEL, henryIV1, 5, 70, 2, 14
308, RICHARD, henryIV1, 1, 1, 2, 1
309, VERNON, henryIV1, 15, 496, 5, 33
310, FALSTAFF, henryIV1, 152, 5878, 16, 39
311, POINS, henryIV1, 37, 649, 6, 18
312, BARDOLPH, henryIV1, 22, 243, 6, 11
313, PETO, henryIV1, 8, 104, 5, 13
314, GADSHILL, henryIV1, 16, 388, 9, 24
315, HOSTESS, henryIV1, 25, 469, 5, 19
316, VINTNER, henryIV1, 2, 42, 3, 21
317, FRANCIS, henryIV1, 15, 125, 4, 8
318, ACT, henryIV1, 5, 50, 8, 10
319, FIRST, henryIV1, 9, 9, 6, 1
320, CARRIER, henryIV1, 15, 354, 6, 24
321, OSTLER, henryIV1, 1, 5, 2, 5
322, SECOND, henryIV1, 7, 7, 4, 1
323, CHAMBERLAIN, henryIV1, 6, 160, 1, 27
324, TRAVELER, henryIV1, 1, 37, 2, 37
325, THIEVES, henryIV1, 1, 4, 2, 4
326, TRAVELERS, henryIV1, 2, 16, 2, 8
327, SERVANT, henryIV1, 3, 25, 1, 8
328, SHERIFF, henryIV1, 5, 70, 2, 14
329, MESSENGER, henryIV1, 6, 77, 3, 13
330, FDT, henryIV2, 1, 9, 0, 9
331, RUMOR, henryIV2, 2, 306, 4, 153
332, KING, henryIV2, 36, 2608, 17, 72
333, HENRY, henryIV2, 2, 8, 3, 4
334, PRINCE, henryIV2, 60, 2364, 20, 39
335, HAL, henryIV2, 1, 10, 2, 10
336, JOHN, henryIV2, 30, 30, 16, 1
337, LANCASTER, henryIV2, 27, 884, 13, 33
338, THOMAS, henryIV2, 15, 15, 6, 1
339, CLARENCE, henryIV2, 15, 196, 8, 13
340, HUMPHREY, henryIV2, 12, 12, 7, 1
341, GLOUCESTER, henryIV2, 12, 134, 6, 11
342, EARL, henryIV2, 4, 4, 6, 1
343, NORTHUMBERLAND, henryIV2, 21, 913, 11, 43
344, WIFE, henryIV2, 1, 1, 2, 1
345, LADY, henryIV2, 5, 5, 3, 1
346, PERCY, henryIV2, 3, 383, 3, 128
347, ARCHBISHOP, henryIV2, 26, 1152, 10, 44
348, LORD, henryIV2, 22, 22, 10, 1
349, MOWBRAY, henryIV2, 19, 483, 7, 25
350, HASTINGS, henryIV2, 18, 456, 9, 25
351, BARDOLPH, henryIV2, 50, 1073, 20, 21
352, TRAVERS, henryIV2, 2, 116, 3, 58
353, MORTON, henryIV2, 7, 647, 5, 92
354, SIR, henryIV2, 3, 3, 4, 1
355, COLEVILE, henryIV2, 6, 79, 4, 13
356, WESTMORELAND, henryIV2, 22, 901, 9, 41
357, WARWICK, henryIV2, 27, 630, 12, 23
358, SURREY, henryIV2, 1, 2, 2, 2
359, BLUNT, henryIV2, 1, 2, 2, 2
360, GOWER, henryIV2, 5, 67, 5, 13
361, HARCOURT, henryIV2, 2, 68, 3, 34
362, CHIEF, henryIV2, 57, 57, 12, 1
363, JUSTICE, henryIV2, 59, 1270, 15, 22
364, FALSTAFF, henryIV2, 185, 5895, 30, 32
365, POINS, henryIV2, 30, 540, 5, 18
366, PETO, henryIV2, 2, 47, 3, 24
367, PISTOL, henryIV2, 32, 630, 10, 20
368, PAGE, henryIV2, 18, 253, 8, 14
369, HOSTESS, henryIV2, 50, 1544, 14, 31
370, DOLL, henryIV2, 32, 708, 10, 22
371, TEARSHEET, henryIV2, 1, 1, 2, 1
372, ROBERT, henryIV2, 1, 1, 2, 1
373, SHALLOW, henryIV2, 79, 1724, 14, 22
374, SILENCE, henryIV2, 23, 317, 5, 14
375, DAVY, henryIV2, 14, 312, 5, 22
376, MOULDY, henryIV2, 6, 108, 5, 18
377, SHADOW, henryIV2, 3, 13, 4, 4
378, WART, henryIV2, 3, 11, 3, 4
379, FEEBLE, henryIV2, 8, 115, 5, 14
380, BULLCALF, henryIV2, 6, 125, 5, 21
381, FANG, henryIV2, 7, 64, 4, 9
382, SNARE, henryIV2, 3, 21, 3, 7
383, EPILOGUE, henryIV2, 2, 351, 2, 176
384, INDUCTION, henryIV2, 1, 5, 2, 5
385, ACT, henryIV2, 5, 50, 8, 10
386, PORTER, henryIV2, 2, 35, 2, 18
387, SERVANT, henryIV2, 7, 100, 3, 14
388, OFFICERS, henryIV2, 1, 6, 2, 6
389, FRANCIS, henryIV2, 3, 73, 5, 24
390, SECOND, henryIV2, 3, 3, 4, 1
391, DRAWER, henryIV2, 3, 83, 3, 28
392, WILL, henryIV2, 1, 35, 2, 35
393, MESSENGER, henryIV2, 1, 35, 2, 35
394, BROTHERS, henryIV2, 1, 9, 1, 9
395, BEADLE, henryIV2, 4, 87, 3, 22
396, FIRST, henryIV2, 2, 2, 2, 1
397, GROOM, henryIV2, 3, 31, 3, 10
398, FDT, henryV, 1, 9, 0, 9
399, CHORUS, henryV, 7, 1711, 7, 244
400, HENRY, henryV, 148, 8740, 30, 59
401, KING, henryV, 168, 199, 34, 1
402, ENGLAND, henryV, 1, 1, 2, 1
403, THOMAS, henryV, 4, 4, 6, 1
404, DUKE, henryV, 10, 10, 14, 1
405, EXETER, henryV, 23, 1022, 13, 44
406, HUMPHREY, henryV, 1, 1, 2, 1
407, GLOUCESTER, henryV, 6, 40, 9, 7
408, JOHN, henryV, 2, 2, 4, 1
409, BEDFORD, henryV, 6, 92, 7, 15
410, CLARENCE, henryV, 1, 6, 1, 6
411, YORK, henryV, 2, 19, 4, 10
412, EARL, henryV, 5, 5, 6, 1
413, WESTMORELAND, henryV, 9, 161, 6, 18
414, CAMBRIDGE, henryV, 6, 121, 4, 20
415, WARWICK, henryV, 2, 11, 2, 6
416, SALISBURY, henryV, 3, 81, 5, 27
417, HUNTINGTON, henryV, 1, 2, 2, 2
418, LORD, henryV, 4, 7, 6, 2
419, SCROOP, henryV, 7, 106, 7, 15
420, MASHAM, henryV, 1, 1, 2, 1
421, SIR, henryV, 2, 2, 3, 1
422, GREY, henryV, 6, 90, 5, 15
423, HOSTESS, henryV, 12, 392, 8, 33
424, QUICKLY, henryV, 1, 10, 2, 10
425, PISTOL, henryV, 63, 1267, 12, 20
426, NYM, henryV, 20, 437, 4, 22
427, BARDOLPH, henryV, 17, 258, 6, 15
428, BOY, henryV, 17, 682, 10, 40
429, ERPINGHAM, henryV, 6, 66, 5, 11
430, CAPTAIN, henryV, 4, 4, 5, 1
431, FLUELLEN, henryV, 69, 2663, 10, 39
432, GOWER, henryV, 28, 569, 10, 20
433, MACMORRIS, henryV, 5, 215, 4, 43
434, JAMY, henryV, 5, 115, 5, 23
435, BATES, henryV, 8, 183, 6, 23
436, ALEXANDER, henryV, 1, 1, 2, 1
437, COURT, henryV, 2, 15, 4, 8
438, MICHAEL, henryV, 1, 1, 2, 1
439, WILLIAMS, henryV, 29, 682, 7, 24
440, BISHOP, henryV, 33, 33, 7, 1
441, CANTERBURY, henryV, 19, 1688, 2, 89
442, ELY, henryV, 14, 275, 3, 20
443, FRANCE, henryV, 26, 919, 13, 35
444, QUEEN, henryV, 6, 6, 3, 1
445, ISABEL, henryV, 1, 1, 2, 1
446, KATHERINE, henryV, 34, 517, 4, 15
447, ALICE, henryV, 23, 212, 4, 9
448, DAUPHIN, henryV, 32, 981, 9, 31
449, BERRI, henryV, 1, 2, 1, 2
450, BRITTANY, henryV, 3, 71, 4, 24
451, ORLEANS, henryV, 30, 377, 8, 13
452, BOURBON, henryV, 3, 87, 4, 29
453, BURGUNDY, henryV, 9, 529, 5, 59
454, CONSTABLE, henryV, 41, 1013, 13, 25
455, GRANDPRE, henryV, 2, 141, 2, 71
456, RAMBURES, henryV, 6, 81, 5, 14
457, BEAUMONT, henryV, 1, 1, 2, 1
458, MONTJOY, henryV, 12, 428, 5, 36
459, MONSIEUR, henryV, 1, 1, 2, 1
460, FER, henryV, 1, 15, 2, 15
461, PROLOGUE, henryV, 1, 6, 2, 6
462, ACT, henryV, 5, 40, 5, 8
463, AMBASSADOR, henryV, 2, 136, 2, 68
464, MESSENGER, henryV, 4, 44, 5, 11
465, GOVERNOR, henryV, 1, 58, 2, 58
466, FRENCH, henryV, 10, 10, 3, 1
467, SOLDIER, henryV, 10, 120, 3, 12
468, HERALD, henryV, 1, 11, 2, 11
469, LORDS, henryV, 1, 3, 2, 3
470, ALL, henryV, 1, 3, 2, 3
471, FDT, henryVI1, 1, 11, 0, 11
472, KING, henryVI1, 30, 30, 13, 1
473, HENRY, henryVI1, 30, 1405, 12, 47
474, TALBOT, henryVI1, 72, 3751, 24, 52
475, JOHN, henryVI1, 12, 12, 1, 1
476, GLOUCESTER, henryVI1, 50, 1517, 21, 30
477, BEDFORD, henryVI1, 20, 656, 12, 33
478, EXETER, henryVI1, 12, 480, 10, 40
479, WINCHESTER, henryVI1, 28, 796, 15, 28
480, SOMERSET, henryVI1, 27, 572, 12, 21
481, PLANTAGENET, henryVI1, 28, 756, 12, 27
482, YORK, henryVI1, 31, 785, 17, 25
483, WARWICK, henryVI1, 24, 592, 14, 25
484, SALISBURY, henryVI1, 5, 124, 5, 25
485, SUFFOLK, henryVI1, 42, 1410, 13, 34
486, MORTIMER, henryVI1, 10, 680, 4, 68
487, GLANSDALE, henryVI1, 2, 14, 3, 7
488, GARGRAVE, henryVI1, 3, 25, 4, 8
489, FASTOLF, henryVI1, 4, 66, 5, 17
490, LUCY, henryVI1, 15, 629, 7, 42
491, WOODVILLE, henryVI1, 3, 49, 3, 16
492, VERNON, henryVI1, 13, 273, 10, 21
493, BASSET, henryVI1, 8, 216, 6, 27
494, LAWYER, henryVI1, 3, 34, 5, 11
495, JAILORS, henryVI1, 1, 4, 2, 4
496, LEGATE, henryVI1, 2, 10, 3, 5
497, MAYOR, henryVI1, 6, 204, 8, 34
498, CHARLES, henryVI1, 42, 1149, 15, 27
499, PUCELLE, henryVI1, 47, 2088, 15, 44
500, REIGNIER, henryVI1, 25, 516, 8, 21
501, MARGARET, henryVI1, 23, 311, 3, 14
502, ALANSON, henryVI1, 19, 408, 10, 21
503, ORLEANCE, henryVI1, 1, 3, 2, 3
504, BURGUNDY, henryVI1, 18, 374, 8, 21
505, GENERAL, henryVI1, 2, 213, 3, 107
506, COUNTESS, henryVI1, 14, 392, 6, 28
507, PORTER, henryVI1, 2, 6, 2, 3
508, MASTER, henryVI1, 3, 3, 4, 1
509, GUNNER, henryVI1, 3, 145, 2, 48
510, BOY, henryVI1, 3, 42, 4, 14
511, SERGEANT, henryVI1, 2, 38, 4, 19
512, SHEPHERD, henryVI1, 5, 227, 5, 45
513, ACT, henryVI1, 5, 50, 9, 10
514, MESSENGER, henryVI1, 14, 732, 9, 52
515, SECOND, henryVI1, 4, 4, 4, 1
516, THIRD, henryVI1, 6, 6, 5, 1
517, BASTARD, henryVI1, 12, 247, 5, 21
518, FIRST, henryVI1, 7, 7, 4, 1
519, WARDER, henryVI1, 3, 40, 3, 13
520, SERVINGMAN, henryVI1, 10, 166, 6, 17
521, SERVINGMEN, henryVI1, 1, 23, 2, 23
522, OFFICER, henryVI1, 1, 52, 2, 52
523, SENTINEL, henryVI1, 2, 41, 3, 21
524, SOLDIER, henryVI1, 2, 67, 3, 34
525, CAPTAIN, henryVI1, 5, 66, 5, 13
526, KEEPER, henryVI1, 2, 34, 1, 17
527, ALL, henryVI1, 1, 10, 2, 10
528, WATCH, henryVI1, 2, 15, 2, 8
529, SCOUT, henryVI1, 2, 35, 2, 18
530, FDT, henryVI2, 1, 9, 0, 9
531, KING, henryVI2, 83, 83, 22, 1
532, HENRY, henryVI2, 83, 2712, 21, 33
533, QUEEN, henryVI2, 62, 62, 18, 1
534, MARGARET, henryVI2, 62, 2664, 17, 43
535, GLOUCESTER, henryVI2, 69, 2506, 22, 36
536, DUCHESS, henryVI2, 22, 1021, 12, 46
537, CARDINAL, henryVI2, 32, 893, 14, 28
538, SOMERSET, henryVI2, 12, 203, 11, 17
539, SUFFOLK, henryVI2, 68, 2466, 24, 36
540, BUCKINGHAM, henryVI2, 25, 626, 17, 25
541, CLIFFORD, henryVI2, 23, 878, 10, 38
542, YOUNG, henryVI2, 5, 5, 4, 1
543, YORK, henryVI2, 59, 3178, 23, 54
544, SALISBURY, henryVI2, 19, 748, 12, 39
545, WARWICK, henryVI2, 34, 1145, 13, 34
546, EDWARD, henryVI2, 2, 15, 3, 8
547, RICHARD, henryVI2, 7, 222, 8, 32
548, CADE, henryVI2, 62, 2328, 18, 38
549, BEVIS, henryVI2, 9, 129, 3, 14
550, HOLLAND, henryVI2, 11, 157, 4, 14
551, DICK, henryVI2, 25, 327, 5, 13
552, SMITH, henryVI2, 9, 130, 5, 14
553, MICHAEL, henryVI2, 4, 28, 3, 7
554, GEORGE, henryVI2, 2, 18, 3, 9
555, SCALES, henryVI2, 3, 78, 5, 26
556, SAYE, henryVI2, 14, 401, 10, 29
557, STAFFORD, henryVI2, 7, 128, 5, 18
558, BROTHER, henryVI2, 6, 62, 4, 10
559, HUME, henryVI2, 7, 267, 6, 38
560, SOUTHWELL, henryVI2, 1, 4, 2, 4
561, JOURDAIN, henryVI2, 2, 33, 3, 17
562, BOLINGBROKE, henryVI2, 8, 212, 5, 27
563, SPIRIT, henryVI2, 6, 81, 3, 14
564, STANLEY, henryVI2, 5, 71, 4, 14
565, SHERIFF, henryVI2, 3, 40, 4, 13
566, HORNER, henryVI2, 7, 190, 10, 27
567, THUMP, henryVI2, 1, 10, 2, 10
568, PETITIONERS, henryVI2, 1, 2, 2, 2
569, NEIGHBORS, henryVI2, 1, 4, 2, 4
570, PRENTICES, henryVI2, 1, 5, 2, 5
571, MAN, henryVI2, 3, 121, 5, 40
572, SIMPCOX, henryVI2, 19, 214, 9, 11
573, WIFE, henryVI2, 8, 71, 5, 9
574, MAYOR, henryVI2, 3, 25, 3, 8
575, BEADLE, henryVI2, 2, 17, 4, 9
576, LIEUTENANT, henryVI2, 12, 511, 7, 43
577, MASTER, henryVI2, 2, 13, 3, 7
578, MATE, henryVI2, 2, 15, 3, 8
579, WHITMORE, henryVI2, 9, 177, 6, 20
580, GENTLEMEN, henryVI2, 1, 2, 2, 2
581, MESSENGERS, henryVI2, 1, 1, 2, 1
582, SERVANTS, henryVI2, 1, 2, 2, 2
583, HERALD, henryVI2, 2, 20, 3, 10
584, POST, henryVI2, 2, 54, 4, 27
585, MURDERERS, henryVI2, 1, 3, 2, 3
586, VAUX, henryVI2, 2, 87, 4, 44
587, CLERK, henryVI2, 3, 28, 5, 9
588, CITIZENS, henryVI2, 1, 2, 2, 2
589, IDEN, henryVI2, 10, 483, 7, 48
590, ACT, henryVI2, 5, 50, 8, 10
591, ALL, henryVI2, 12, 113, 10, 9
592, MESSENGER, henryVI2, 5, 239, 7, 48
593, FIRST, henryVI2, 15, 15, 14, 1
594, PETITIONER, henryVI2, 7, 137, 5, 20
595, SECOND, henryVI2, 8, 8, 8, 1
596, PETER, henryVI2, 8, 214, 10, 27
597, NEIGHBOR, henryVI2, 3, 54, 4, 18
598, THIRD, henryVI2, 1, 1, 1, 1
599, PRENTICE, henryVI2, 2, 33, 3, 17
600, SERVANT, henryVI2, 2, 19, 1, 10
601, MURDERER, henryVI2, 5, 64, 3, 13
602, COMMONS, henryVI2, 2, 26, 3, 13
603, GENTLEMAN, henryVI2, 5, 83, 6, 17
604, CITIZEN, henryVI2, 1, 42, 2, 42
605, SOLDIER, henryVI2, 1, 6, 1, 6
606, FDT, henryVI3, 1, 9, 0, 9
607, KING, henryVI3, 196, 196, 31, 1
608, HENRY, henryVI3, 72, 3087, 17, 43
609, QUEEN, henryVI3, 61, 61, 15, 1
610, MARGARET, henryVI3, 54, 2376, 14, 44
611, PRINCE, henryVI3, 17, 17, 9, 1
612, EDWARD, henryVI3, 152, 4243, 22, 28
613, CLIFFORD, henryVI3, 36, 1189, 13, 33
614, NORTHUMBERLAND, henryVI3, 16, 282, 10, 18
615, WESTMORLAND, henryVI3, 7, 101, 5, 14
616, EXETER, henryVI3, 14, 177, 8, 13
617, OXFORD, henryVI3, 14, 320, 12, 23
618, SOMERVILLE, henryVI3, 4, 65, 3, 16
619, WARWICK, henryVI3, 100, 3675, 29, 37
620, MONTAGUE, henryVI3, 11, 152, 10, 14
621, SOMERSET, henryVI3, 12, 297, 11, 25
622, YORK, henryVI3, 39, 1462, 17, 37
623, GEORGE, henryVI3, 8, 211, 4, 26
624, CLARENCE, henryVI3, 34, 736, 13, 22
625, RICHARD, henryVI3, 109, 3459, 27, 32
626, GLOUCESTER, henryVI3, 1, 2, 2, 2
627, RUTLAND, henryVI3, 8, 214, 4, 27
628, SIR, henryVI3, 2, 2, 3, 1
629, JOHN, henryVI3, 2, 16, 3, 8
630, LADY, henryVI3, 30, 30, 9, 1
631, GREY, henryVI3, 25, 352, 4, 14
632, ELIZABETH, henryVI3, 7, 314, 4, 45
633, RIVERS, henryVI3, 6, 74, 4, 12
634, NORFOLK, henryVI3, 4, 36, 6, 9
635, PEMBROKE, henryVI3, 1, 3, 2, 3
636, STAFFORD, henryVI3, 1, 3, 2, 3
637, HASTINGS, henryVI3, 10, 183, 10, 18
638, STANLEY, henryVI3, 1, 4, 2, 4
639, MONTGOMERY, henryVI3, 6, 127, 7, 21
640, LEWIS, henryVI3, 22, 569, 6, 26
641, BONA, henryVI3, 5, 84, 5, 17
642, TUTOR, henryVI3, 3, 31, 3, 10
643, SON, henryVI3, 5, 207, 4, 41
644, FATHER, henryVI3, 5, 233, 4, 47
645, FIRST, henryVI3, 16, 16, 9, 1
646, GAMEKEEPER, henryVI3, 18, 311, 4, 17
647, SECOND, henryVI3, 18, 18, 5, 1
648, NOBLEMAN, henryVI3, 2, 19, 4, 10
649, POST, henryVI3, 10, 245, 8, 25
650, WATCH, henryVI3, 16, 220, 6, 14
651, THIRD, henryVI3, 4, 4, 1, 1
652, HUNTSMAN, henryVI3, 3, 23, 5, 8
653, LIEUTENANT, henryVI3, 2, 29, 4, 15
654, MESSENGER, henryVI3, 10, 316, 9, 32
655, MESSENGERS, henryVI3, 1, 1, 2, 1
656, MAYOR, henryVI3, 4, 53, 6, 13
657, SOLDIER, henryVI3, 2, 48, 4, 24
658, ACT, henryVI3, 5, 50, 6, 10
659, ALL, henryVI3, 1, 7, 2, 7
660, VIII, henryVIII, 1, 29, 0, 29
661, FDT, henryVIII, 1, 9, 2, 9
662, KING, henryVIII, 83, 3593, 26, 43
663, NORFOLK, henryVIII, 49, 1556, 10, 32
664, SUFFOLK, henryVIII, 31, 694, 7, 22
665, WOLSEY, henryVIII, 80, 3381, 20, 42
666, SECRETARIES, henryVIII, 1, 3, 2, 3
667, CROMWELL, henryVIII, 22, 359, 7, 16
668, CAMPEIUS, henryVIII, 15, 408, 6, 27
669, GARDINER, henryVIII, 23, 714, 11, 31
670, PAGE, henryVIII, 2, 8, 2, 4
671, QUEEN, henryVIII, 33, 33, 11, 1
672, KATHERINE, henryVIII, 51, 3002, 12, 59
673, GRIFFITH, henryVIII, 13, 456, 4, 35
674, PATIENCE, henryVIII, 4, 51, 4, 13
675, GENTLEMAN, henryVIII, 88, 1927, 13, 22
676, USHER, henryVIII, 2, 8, 3, 4
677, CAPUCHIUS, henryVIII, 6, 83, 3, 14
678, BUCKINGHAM, henryVIII, 27, 1542, 12, 57
679, ABERGAVENNY, henryVIII, 6, 127, 4, 21
680, SURREY, henryVIII, 25, 572, 7, 23
681, VAUX, henryVIII, 2, 30, 4, 15
682, SURVEYOR, henryVIII, 10, 467, 5, 47
683, BRANDON, henryVIII, 7, 96, 4, 14
684, SERGEANT, henryVIII, 2, 34, 3, 17
685, FIRST, henryVIII, 35, 35, 4, 1
686, SECOND, henryVIII, 38, 38, 1, 1
687, ANNE, henryVIII, 19, 420, 6, 22
688, OLD, henryVIII, 16, 16, 4, 1
689, LADY, henryVIII, 16, 542, 6, 34
690, CHAMBERLAIN, henryVIII, 40, 1211, 15, 30
691, SANDS, henryVIII, 19, 391, 5, 21
692, LOVELL, henryVIII, 23, 532, 9, 23
693, GUILFORD, henryVIII, 2, 77, 4, 39
694, LINCOLN, henryVIII, 3, 57, 3, 19
695, CRANMER, henryVIII, 22, 1102, 11, 50
696, CHANCELLOR, henryVIII, 7, 220, 7, 31
697, GARTER, henryVIII, 2, 30, 4, 15
698, THIRD, henryVIII, 11, 11, 2, 1
699, DENNY, henryVIII, 4, 29, 3, 7
700, BUTTS, henryVIII, 5, 69, 4, 14
701, KEEPER, henryVIII, 6, 53, 6, 9
702, PORTER, henryVIII, 17, 311, 6, 18
703, MAN, henryVIII, 7, 2374, 3, 339
704, SCRIBES, henryVIII, 1, 1, 2, 1
705, CRIER, henryVIII, 4, 32, 6, 8
706, PROLOGUE, henryVIII, 2, 271, 3, 136
707, EPILOGUE, henryVIII, 2, 173, 1, 87
708, ACT, henryVIII, 5, 50, 8, 10
709, SECRETARY, henryVIII, 2, 13, 1, 7
710, SERVANT, henryVIII, 1, 26, 2, 26
711, SCRIBE, henryVIII, 2, 23, 3, 12
712, WOMAN, henryVIII, 1, 82, 2, 82
713, BOTH, henryVIII, 1, 14, 2, 14
714, MESSENGER, henryVIII, 2, 35, 3, 18
715, ALL, henryVIII, 1, 4, 2, 4
716, ONE, henryVIII, 2, 19, 2, 10
717, FDT, juliusCaesar, 1, 9, 0, 9
718, JULIUS, juliusCaesar, 1, 1, 2, 1
719, CAESAR, juliusCaesar, 41, 1219, 16, 30
720, CALPHURNIA, juliusCaesar, 7, 221, 3, 32
721, MARCUS, juliusCaesar, 1, 1, 2, 1
722, BRUTUS, juliusCaesar, 194, 5858, 36, 30
723, PORTIA, juliusCaesar, 17, 766, 5, 45
724, LUCIUS, juliusCaesar, 25, 273, 4, 11
725, CAIUS, juliusCaesar, 2, 2, 4, 1
726, CASSIUS, juliusCaesar, 139, 4028, 19, 29
727, CASCA, juliusCaesar, 41, 1160, 6, 28
728, CINNA, juliusCaesar, 21, 278, 14, 13
729, DECIUS, juliusCaesar, 13, 349, 6, 27
730, LIGARIUS, juliusCaesar, 6, 124, 3, 21
731, METELLUS, juliusCaesar, 6, 133, 5, 22
732, CIMBER, juliusCaesar, 1, 2, 2, 2
733, TREBONIUS, juliusCaesar, 5, 73, 5, 15
734, CICERO, juliusCaesar, 5, 72, 4, 14
735, PUBLIUS, juliusCaesar, 3, 12, 4, 4
736, POPILIUS, juliusCaesar, 3, 16, 4, 5
737, LENA, juliusCaesar, 1, 3, 2, 3
738, FLAVIUS, juliusCaesar, 8, 231, 8, 29
739, MARULLUS, juliusCaesar, 6, 251, 4, 42
740, MARK, juliusCaesar, 1, 1, 2, 1
741, ANTONY, juliusCaesar, 52, 2666, 18, 51
742, LEPIDUS, juliusCaesar, 4, 30, 2, 8
743, OCTAVIUS, juliusCaesar, 20, 397, 8, 20
744, LUCILIUS, juliusCaesar, 11, 224, 10, 20
745, TITINIUS, juliusCaesar, 11, 262, 5, 24
746, MESSALA, juliusCaesar, 22, 297, 9, 14
747, VARRO, juliusCaesar, 5, 31, 4, 6
748, CLAUDIUS, juliusCaesar, 3, 12, 3, 4
749, YOUNG, juliusCaesar, 1, 1, 2, 1
750, CATO, juliusCaesar, 4, 65, 4, 16
751, STRATO, juliusCaesar, 5, 69, 6, 14
752, VOLUMNIUS, juliusCaesar, 4, 26, 4, 7
753, LABEO, juliusCaesar, 1, 3, 2, 3
754, DARDANUS, juliusCaesar, 4, 24, 3, 6
755, CLITUS, juliusCaesar, 9, 93, 4, 10
756, ARTEMIDORUS, juliusCaesar, 5, 167, 7, 33
757, PINDARUS, juliusCaesar, 6, 169, 6, 28
758, ACT, juliusCaesar, 5, 50, 10, 10
759, CARPENTER, juliusCaesar, 1, 6, 2, 6
760, COBBLER, juliusCaesar, 6, 157, 2, 26
761, SOOTHSAYER, juliusCaesar, 9, 148, 3, 16
762, SERVANT, juliusCaesar, 11, 239, 4, 22
763, PLEBEIANS, juliusCaesar, 15, 118, 5, 8
764, FIRST, juliusCaesar, 22, 22, 7, 1
765, PLEBEIAN, juliusCaesar, 68, 768, 9, 11
766, SECOND, juliusCaesar, 20, 20, 6, 1
767, THIRD, juliusCaesar, 17, 17, 3, 1
768, FOURTH, juliusCaesar, 16, 16, 3, 1
769, SOLDIER, juliusCaesar, 7, 54, 6, 8
770, POET, juliusCaesar, 3, 60, 3, 20
771, BRUTUSN, juliusCaesar, 1, 3, 1, 3
772, GHOST, juliusCaesar, 3, 22, 1, 7
773, BOTH, juliusCaesar, 2, 16, 2, 8
774, MESSENGER, juliusCaesar, 1, 26, 1, 26
775, FDT, kingJohn, 1, 9, 0, 9
776, JOHN, kingJohn, 96, 3577, 20, 37
777, QUEEN, kingJohn, 23, 23, 9, 1
778, ELEANOR, kingJohn, 23, 486, 8, 21
779, BLANCHE, kingJohn, 10, 361, 7, 36
780, PRINCE, kingJohn, 9, 9, 6, 1
781, HENRY, kingJohn, 9, 247, 6, 27
782, CONSTANCE, kingJohn, 37, 2204, 13, 60
783, ARTHUR, kingJohn, 24, 1036, 8, 43
784, KING, kingJohn, 139, 139, 21, 1
785, PHILIP, kingJohn, 52, 1585, 14, 30
786, LOUIS, kingJohn, 1, 1, 2, 1
787, THE, kingJohn, 1, 1, 2, 1
788, DAUPHIN, kingJohn, 30, 1276, 15, 43
789, DUKE, kingJohn, 1, 1, 2, 1
790, AUSTRIA, kingJohn, 17, 279, 9, 16
791, LIMOGES, kingJohn, 1, 1, 2, 1
792, CHATILLION, kingJohn, 6, 314, 6, 52
793, COUNT, kingJohn, 1, 1, 2, 1
794, MELUN, kingJohn, 4, 316, 4, 79
795, FRENCH, kingJohn, 2, 2, 3, 1
796, HERALD, kingJohn, 4, 197, 5, 49
797, CARDINAL, kingJohn, 1, 1, 2, 1
798, PANDULPH, kingJohn, 24, 1315, 10, 55
799, LADY, kingJohn, 6, 6, 3, 1
800, FAULCONBRIDGE, kingJohn, 19, 625, 7, 33
801, BASTARD, kingJohn, 83, 4028, 20, 49
802, ROBERT, kingJohn, 5, 5, 2, 1
803, JAMES, kingJohn, 1, 1, 2, 1
804, GURNEY, kingJohn, 2, 9, 3, 5
805, HUBERT, kingJohn, 53, 1147, 12, 22
806, EARL, kingJohn, 3, 3, 4, 1
807, SALISBURY, kingJohn, 37, 1305, 13, 35
808, PEMBROKE, kingJohn, 21, 651, 10, 31
809, ESSEX, kingJohn, 2, 29, 4, 15
810, LORD, kingJohn, 1, 1, 2, 1
811, BIGOT, kingJohn, 8, 80, 6, 10
812, CITIZEN, kingJohn, 11, 544, 8, 49
813, PETER, kingJohn, 2, 16, 4, 8
814, ENGLISH, kingJohn, 2, 2, 2, 1
815, EXECUTIONERS, kingJohn, 1, 2, 2, 2
816, MESSENGER, kingJohn, 11, 238, 5, 22
817, ACT, kingJohn, 5, 50, 6, 10
818, EXECUTIONER, kingJohn, 2, 26, 2, 13
819, FDT, kingLear, 1, 9, 0, 9
820, LEAR, kingLear, 187, 6015, 18, 32
821, GONERIL, kingLear, 54, 1623, 14, 30
822, DUKE, kingLear, 3, 3, 6, 1
823, ALBANY, kingLear, 57, 1148, 13, 20
824, OSWALD, kingLear, 39, 587, 9, 15
825, REGAN, kingLear, 73, 1525, 12, 21
826, CORNWALL, kingLear, 56, 879, 15, 16
827, CORDELIA, kingLear, 32, 907, 13, 28
828, KING, kingLear, 1, 1, 2, 1
829, FRANCE, kingLear, 6, 255, 6, 43
830, BURGUNDY, kingLear, 6, 83, 5, 14
831, EARL, kingLear, 2, 2, 4, 1
832, KENT, kingLear, 125, 2878, 15, 23
833, FOOL, kingLear, 59, 1905, 7, 32
834, GLOUCESTER, kingLear, 119, 2805, 13, 24
835, EDGAR, kingLear, 101, 3173, 16, 31
836, EDMUND, kingLear, 79, 2571, 14, 33
837, CURAN, kingLear, 5, 90, 2, 18
838, OLD, kingLear, 10, 10, 4, 1
839, MAN, kingLear, 10, 727, 4, 73
840, KNIGHT, kingLear, 6, 118, 3, 20
841, GENTLEMEN, kingLear, 1, 2, 2, 2
842, SERVANTS, kingLear, 1, 1, 2, 1
843, MESSENGERS, kingLear, 1, 1, 2, 1
844, DOCTOR, kingLear, 9, 140, 5, 16
845, CAPTAINS, kingLear, 1, 1, 2, 1
846, HERALD, kingLear, 5, 84, 5, 17
847, ACT, kingLear, 5, 50, 7, 10
848, GENTLEMAN, kingLear, 35, 646, 7, 18
849, KENTB, kingLear, 1, 6, 1, 6
850, LEARC, kingLear, 1, 5, 2, 5
851, FIRST, kingLear, 4, 4, 3, 1
852, SERVANT, kingLear, 8, 169, 6, 21
853, SECOND, kingLear, 2, 2, 2, 1
854, THIRD, kingLear, 2, 2, 1, 1
855, MESSENGER, kingLear, 8, 148, 4, 19
856, CAPTAIN, kingLear, 3, 35, 3, 12
857, FDT, lovesLaborsLost, 1, 9, 0, 9
858, KING, lovesLaborsLost, 117, 2669, 12, 23
859, BEROWNE, lovesLaborsLost, 161, 5028, 16, 31
860, LONGAVILLE, lovesLaborsLost, 41, 625, 9, 15
861, DUMAINE, lovesLaborsLost, 55, 667, 11, 12
862, PRINCESS, lovesLaborsLost, 105, 2432, 15, 23
863, ROSALINE, lovesLaborsLost, 73, 1486, 7, 20
864, MARIA, lovesLaborsLost, 20, 344, 8, 17
865, KATHERINE, lovesLaborsLost, 30, 452, 6, 15
866, BOYET, lovesLaborsLost, 79, 1954, 15, 25
867, ARMADO, lovesLaborsLost, 103, 1958, 14, 19
868, BRAGGART, lovesLaborsLost, 1, 8, 2, 8
869, BOY, lovesLaborsLost, 79, 1273, 9, 16
870, PAGE, lovesLaborsLost, 1, 4, 2, 4
871, MOTE, lovesLaborsLost, 1, 1, 2, 1
872, JAQUENETTA, lovesLaborsLost, 14, 130, 8, 9
873, WENCH, lovesLaborsLost, 1, 1, 2, 1
874, COSTARD, lovesLaborsLost, 84, 1728, 14, 21
875, CLOWN, lovesLaborsLost, 1, 2, 2, 2
876, SWAIN, lovesLaborsLost, 1, 1, 2, 1
877, DULL, lovesLaborsLost, 16, 272, 11, 17
878, CONSTABLE, lovesLaborsLost, 1, 1, 2, 1
879, HOLOFERNES, lovesLaborsLost, 56, 1442, 13, 26
880, PEDANT, lovesLaborsLost, 1, 3, 2, 3
881, NATHANIEL, lovesLaborsLost, 20, 570, 8, 29
882, CURATE, lovesLaborsLost, 1, 1, 2, 1
883, FORESTER, lovesLaborsLost, 6, 56, 3, 9
884, MONSIEUR, lovesLaborsLost, 1, 1, 2, 1
885, MARCADE, lovesLaborsLost, 4, 45, 5, 11
886, ACT, lovesLaborsLost, 5, 50, 7, 10
887, LORD, lovesLaborsLost, 2, 14, 1, 7
888, SPRING, lovesLaborsLost, 1, 104, 2, 104
889, WINTER, lovesLaborsLost, 1, 113, 2, 113
890, FDT, macbeth, 1, 14, 0, 14
891, DUNCAN, macbeth, 19, 537, 9, 28
892, MALCOLM, macbeth, 41, 1598, 16, 39
893, DONALBAIN, macbeth, 4, 67, 2, 17
894, MACBETH, macbeth, 207, 7767, 26, 38
895, LADY, macbeth, 80, 80, 11, 1
896, SEYTON, macbeth, 6, 63, 2, 11
897, BANQUO, macbeth, 34, 862, 13, 25
898, FLEANCE, macbeth, 3, 23, 2, 8
899, MACDUFF, macbeth, 80, 1639, 13, 20
900, LENNOX, macbeth, 23, 565, 10, 25
901, ROSS, macbeth, 40, 990, 11, 25
902, ANGUS, macbeth, 5, 147, 4, 29
903, MENTEITH, macbeth, 6, 83, 6, 14
904, CAITHNESS, macbeth, 4, 80, 4, 20
905, SIWARD, macbeth, 17, 317, 9, 19
906, YOUNG, macbeth, 5, 5, 2, 1
907, HECATE, macbeth, 3, 304, 5, 101
908, ACT, macbeth, 5, 50, 8, 10
909, FIRST, macbeth, 35, 35, 8, 1
910, WITCH, macbeth, 51, 724, 8, 14
911, SECOND, macbeth, 23, 23, 7, 1
912, THIRD, macbeth, 20, 20, 5, 1
913, ALL, macbeth, 13, 169, 7, 13
914, CAPTAIN, macbeth, 3, 242, 2, 81
915, MESSENGER, macbeth, 6, 189, 3, 32
916, PORTER, macbeth, 4, 321, 2, 80
917, AND, macbeth, 1, 1, 2, 1
918, OLD, macbeth, 4, 4, 3, 1
919, MAN, macbeth, 4, 304, 3, 76
920, SERVANT, macbeth, 6, 41, 2, 7
921, MURDERERS, macbeth, 3, 20, 1, 7
922, MURDERER, macbeth, 30, 384, 8, 13
923, LORDS, macbeth, 3, 20, 1, 7
924, LORD, macbeth, 3, 186, 2, 62
925, APPARITION, macbeth, 4, 77, 4, 19
926, SON, macbeth, 14, 178, 4, 13
927, DOCTOR, macbeth, 20, 373, 5, 19
928, GENTLEWOMAN, macbeth, 11, 213, 3, 19
929, SOLDIER, macbeth, 1, 6, 2, 6
930, FDT, measureForMeasure, 1, 9, 0, 9
931, DUKE, measureForMeasure, 198, 7132, 18, 36
932, ESCALUS, measureForMeasure, 80, 1614, 10, 20
933, PROVOST, measureForMeasure, 66, 1293, 13, 20
934, ELBOW, measureForMeasure, 29, 665, 8, 23
935, ABHORSON, measureForMeasure, 14, 178, 6, 13
936, JUSTICE, measureForMeasure, 4, 17, 3, 4
937, VARRIUS, measureForMeasure, 1, 5, 2, 5
938, ANGELO, measureForMeasure, 84, 2584, 11, 31
939, MARIANA, measureForMeasure, 25, 548, 6, 22
940, BOY, measureForMeasure, 1, 2, 2, 2
941, SERVANT, measureForMeasure, 4, 43, 5, 11
942, MESSENGER, measureForMeasure, 2, 47, 4, 24
943, ISABELLA, measureForMeasure, 130, 3308, 13, 25
944, FRANCISCA, measureForMeasure, 1, 3, 2, 3
945, CLAUDIO, measureForMeasure, 36, 886, 7, 25
946, JULIET, measureForMeasure, 8, 81, 4, 10
947, LUCIO, measureForMeasure, 112, 2568, 17, 23
948, TWO, measureForMeasure, 1, 1, 2, 1
949, GENTLEMEN, measureForMeasure, 1, 4, 2, 4
950, FRIAR, measureForMeasure, 12, 12, 6, 1
951, THOMAS, measureForMeasure, 4, 42, 2, 11
952, PETER, measureForMeasure, 8, 295, 6, 37
953, MISTRESS, measureForMeasure, 1, 1, 2, 1
954, OVERDONE, measureForMeasure, 1, 3, 2, 3
955, POMPEY, measureForMeasure, 61, 1431, 12, 23
956, FROTH, measureForMeasure, 9, 77, 3, 9
957, BARNARDINE, measureForMeasure, 8, 140, 5, 18
958, ACT, measureForMeasure, 5, 99, 6, 20
959, FIRST, measureForMeasure, 12, 12, 3, 1
960, GENTLEMAN, measureForMeasure, 21, 274, 4, 13
961, SECOND, measureForMeasure, 9, 9, 3, 1
962, BAWD, measureForMeasure, 15, 260, 7, 17
963, NUN, measureForMeasure, 2, 80, 1, 40
964, FDT, merchantOfVenice, 1, 9, 0, 9
965, PORTIA, merchantOfVenice, 118, 4978, 18, 42
966, NERISSA, merchantOfVenice, 37, 791, 9, 21
967, BALTHAZAR, merchantOfVenice, 2, 11, 3, 6
968, STEPHANO, merchantOfVenice, 4, 67, 3, 17
969, MOROCCO, merchantOfVenice, 8, 821, 5, 103
970, ARRAGON, merchantOfVenice, 5, 507, 3, 101
971, ANTONIO, merchantOfVenice, 48, 1553, 10, 32
972, BASSANIO, merchantOfVenice, 74, 2776, 14, 38
973, SOLANIO, merchantOfVenice, 20, 589, 6, 29
974, SALARINO, merchantOfVenice, 26, 762, 9, 29
975, GRATIANO, merchantOfVenice, 49, 1490, 12, 30
976, LORENZO, merchantOfVenice, 48, 1459, 14, 30
977, LEONARDO, merchantOfVenice, 3, 22, 4, 7
978, SHYLOCK, merchantOfVenice, 80, 3047, 14, 38
979, JESSICA, merchantOfVenice, 27, 736, 8, 27
980, TUBAL, merchantOfVenice, 9, 116, 3, 13
981, LANCELET, merchantOfVenice, 45, 1550, 9, 34
982, GOBBO, merchantOfVenice, 21, 342, 4, 16
983, OLD, merchantOfVenice, 1, 1, 1, 1
984, SALERIO, merchantOfVenice, 7, 210, 8, 30
985, ACT, merchantOfVenice, 5, 50, 8, 10
986, SERVINGMAN, merchantOfVenice, 2, 54, 3, 27
987, MESSENGER, merchantOfVenice, 2, 80, 1, 40
988, ALL, merchantOfVenice, 1, 4, 2, 4
989, DUKE, merchantOfVenice, 17, 598, 8, 35
990, FDT, merryWivesOfWindsor, 1, 9, 0, 9
991, MISTRESS, merryWivesOfWindsor, 265, 265, 19, 1
992, FORD, merryWivesOfWindsor, 186, 4291, 17, 23
993, JOHN, merryWivesOfWindsor, 4, 20, 5, 5
994, ROBERT, merryWivesOfWindsor, 4, 27, 3, 7
995, PAGE, merryWivesOfWindsor, 182, 4026, 17, 22
996, ANNE, merryWivesOfWindsor, 21, 233, 8, 11
997, WILLIAM, merryWivesOfWindsor, 12, 60, 5, 5
998, DOCTOR, merryWivesOfWindsor, 51, 51, 10, 1
999, CAIUS, merryWivesOfWindsor, 51, 932, 10, 18
1000, QUICKLY, merryWivesOfWindsor, 75, 2323, 13, 31
1001, RUGBY, merryWivesOfWindsor, 10, 77, 7, 8
1002, SIR, merryWivesOfWindsor, 89, 89, 15, 1
1003, HUGH, merryWivesOfWindsor, 89, 2024, 15, 23
1004, HOST, merryWivesOfWindsor, 47, 981, 12, 21
1005, FALSTAFF, merryWivesOfWindsor, 137, 3982, 15, 29
1006, ROBIN, merryWivesOfWindsor, 7, 117, 6, 17
1007, BARDOLPH, merryWivesOfWindsor, 15, 203, 9, 14
1008, PISTOL, merryWivesOfWindsor, 30, 481, 10, 16
1009, NYM, merryWivesOfWindsor, 14, 271, 6, 19
1010, FENTON, merryWivesOfWindsor, 21, 803, 10, 38
1011, SHALLOW, merryWivesOfWindsor, 60, 1038, 14, 17
1012, SLENDER, merryWivesOfWindsor, 60, 1324, 12, 22
1013, SIMPLE, merryWivesOfWindsor, 26, 388, 10, 15
1014, ACT, merryWivesOfWindsor, 5, 50, 9, 10
1015, ETC, merryWivesOfWindsor, 1, 6, 2, 6
1016, FAIRIES, merryWivesOfWindsor, 1, 65, 2, 65
1017, FDT, midsummerNightsDream, 1, 12, 0, 12
1018, HERMIA, midsummerNightsDream, 49, 1397, 8, 29
1019, LYSANDER, midsummerNightsDream, 51, 1511, 10, 30
1020, HELENA, midsummerNightsDream, 37, 1903, 6, 51
1021, DEMETRIUS, midsummerNightsDream, 49, 1183, 13, 24
1022, THESEUS, midsummerNightsDream, 50, 1855, 16, 37
1023, HIPPOLYTA, midsummerNightsDream, 15, 286, 6, 19
1024, EGEUS, midsummerNightsDream, 8, 309, 5, 39
1025, PHILOSTRATE, midsummerNightsDream, 7, 204, 3, 29
1026, NICK, midsummerNightsDream, 1, 1, 2, 1
1027, BOTTOM, midsummerNightsDream, 60, 2225, 17, 37
1028, PETER, midsummerNightsDream, 1, 1, 2, 1
1029, QUINCE, midsummerNightsDream, 40, 961, 11, 24
1030, FRANCIS, midsummerNightsDream, 1, 1, 2, 1
1031, FLUTE, midsummerNightsDream, 19, 432, 10, 23
1032, TOM, midsummerNightsDream, 1, 2226, 2, 2226
1033, SNOUT, midsummerNightsDream, 10, 180, 8, 18
1034, SNUG, midsummerNightsDream, 5, 134, 6, 27
1035, ROBIN, midsummerNightsDream, 35, 1507, 15, 43
1036, STARVELING, midsummerNightsDream, 8, 106, 9, 13
1037, OBERON, midsummerNightsDream, 30, 1695, 8, 57
1038, TITANIA, midsummerNightsDream, 24, 1161, 8, 48
1039, GOODFELLOW, midsummerNightsDream, 1, 9, 2, 9
1040, FAIRY, midsummerNightsDream, 7, 276, 7, 39
1041, PEASEBLOSSOM, midsummerNightsDream, 5, 15, 4, 3
1042, COBWEB, midsummerNightsDream, 5, 15, 3, 3
1043, MOTE, midsummerNightsDream, 3, 9, 2, 3
1044, MUSTARDSEED, midsummerNightsDream, 6, 37, 4, 6
1045, ACT, midsummerNightsDream, 5, 50, 7, 10
1046, ALL, midsummerNightsDream, 2, 15, 4, 8
1047, FIRST, midsummerNightsDream, 2, 2, 3, 1
1048, CHORUS, midsummerNightsDream, 2, 73, 3, 37
1049, SECOND, midsummerNightsDream, 1, 1, 2, 1
1050, PROLOGUE, midsummerNightsDream, 1, 94, 1, 94
1051, FDT, muchAdoAboutNothing, 1, 9, 0, 9
1052, LEONATO, muchAdoAboutNothing, 142, 2935, 16, 21
1053, HERO, muchAdoAboutNothing, 45, 1087, 11, 24
1054, BEATRICE, muchAdoAboutNothing, 107, 2585, 11, 24
1055, BROTHER, muchAdoAboutNothing, 20, 445, 6, 22
1056, MARGARET, muchAdoAboutNothing, 27, 609, 6, 23
1057, URSULA, muchAdoAboutNothing, 20, 405, 7, 20
1058, DON, muchAdoAboutNothing, 43, 43, 10, 1
1059, PEDRO, muchAdoAboutNothing, 1, 4, 2, 4
1060, COUNT, muchAdoAboutNothing, 1, 1, 2, 1
1061, CLAUDIO, muchAdoAboutNothing, 126, 2355, 14, 19
1062, SIGNIOR, muchAdoAboutNothing, 2, 2, 4, 1
1063, BENEDICK, muchAdoAboutNothing, 138, 4088, 16, 30
1064, BALTHASAR, muchAdoAboutNothing, 9, 208, 5, 23
1065, ANTONIO, muchAdoAboutNothing, 4, 26, 3, 7
1066, JOHN, muchAdoAboutNothing, 42, 1010, 8, 24
1067, BORACHIO, muchAdoAboutNothing, 40, 1074, 10, 27
1068, CONRADE, muchAdoAboutNothing, 22, 298, 7, 14
1069, DOGBERRY, muchAdoAboutNothing, 55, 1653, 14, 30
1070, VERGES, muchAdoAboutNothing, 19, 229, 6, 12
1071, GEORGE, muchAdoAboutNothing, 1, 1, 2, 1
1072, SEACOAL, muchAdoAboutNothing, 12, 136, 6, 11
1073, FIRST, muchAdoAboutNothing, 9, 9, 7, 1
1074, WATCHMAN, muchAdoAboutNothing, 11, 150, 6, 14
1075, SECOND, muchAdoAboutNothing, 3, 3, 3, 1
1076, SEXTON, muchAdoAboutNothing, 8, 121, 6, 15
1077, FRIAR, muchAdoAboutNothing, 17, 635, 8, 37
1078, FRANCIS, muchAdoAboutNothing, 1, 1, 2, 1
1079, MESSENGER, muchAdoAboutNothing, 19, 273, 7, 14
1080, BOY, muchAdoAboutNothing, 3, 20, 3, 7
1081, ACT, muchAdoAboutNothing, 5, 50, 6, 10
1082, PRINCE, muchAdoAboutNothing, 134, 2757, 13, 21
1083, LORD, muchAdoAboutNothing, 1, 6, 2, 6
1084, FDT, othello, 1, 9, 0, 9
1085, OTHELLO, othello, 274, 6843, 16, 25
1086, DESDEMONA, othello, 166, 3101, 11, 19
1087, BRABANTIO, othello, 31, 1111, 9, 36
1088, IAGO, othello, 274, 9067, 12, 33
1089, EMILIA, othello, 104, 2055, 8, 20
1090, CASSIO, othello, 112, 2230, 15, 20
1091, RODERIGO, othello, 61, 999, 6, 16
1092, LODOVICO, othello, 34, 607, 6, 18
1093, GRATIANO, othello, 20, 205, 6, 10
1094, MONTANO, othello, 25, 478, 11, 19
1095, BIANCA, othello, 16, 329, 6, 21
1096, ACT, othello, 5, 50, 6, 10
1097, OFFICER, othello, 3, 37, 5, 12
1098, DUKE, othello, 23, 520, 10, 23
1099, FIRST, othello, 10, 10, 6, 1
1100, SENATOR, othello, 10, 243, 6, 24
1101, SECOND, othello, 6, 6, 5, 1
1102, SAILOR, othello, 2, 32, 2, 16
1103, MESSENGER, othello, 3, 87, 5, 29
1104, ALL, othello, 2, 13, 3, 7
1105, GENTLEMAN, othello, 10, 243, 5, 24
1106, THIRD, othello, 4, 4, 2, 1
1107, HERALD, othello, 1, 110, 2, 110
1108, GENTLEMEN, othello, 2, 18, 3, 9
1109, CLOWN, othello, 14, 257, 3, 18
1110, MUSICIAN, othello, 5, 33, 1, 7
1111, OTHELLOT, othello, 1, 3, 1, 3
1112, FDT, pericles, 1, 9, 0, 9
1113, GOWER, pericles, 9, 2165, 7, 241
1114, PERICLES, pericles, 121, 4863, 24, 40
1115, THAISA, pericles, 33, 658, 7, 20
1116, MARINA, pericles, 65, 1409, 8, 22
1117, HELICANUS, pericles, 38, 970, 14, 26
1118, ESCANES, pericles, 3, 16, 3, 5
1119, LORDS, pericles, 2, 6, 4, 3
1120, ANTIOCHUS, pericles, 13, 531, 6, 41
1121, DAUGHTER, pericles, 2, 22, 3, 11
1122, THALIARD, pericles, 9, 232, 5, 26
1123, MESSENGER, pericles, 2, 9, 3, 5
1124, CLEON, pericles, 20, 878, 5, 44
1125, DIONYZA, pericles, 20, 713, 6, 36
1126, LEONINE, pericles, 13, 186, 6, 14
1127, LORD, pericles, 22, 438, 14, 20
1128, PIRATES, pericles, 1, 1, 2, 1
1129, SIMONIDES, pericles, 43, 1260, 14, 29
1130, FISHERMEN, pericles, 1, 1, 2, 1
1131, MARSHAL, pericles, 2, 10, 4, 5
1132, KNIGHTS, pericles, 4, 32, 3, 8
1133, LYCHORIDA, pericles, 5, 91, 3, 18
1134, SAILORS, pericles, 1, 6, 2, 6
1135, CERIMON, pericles, 24, 805, 9, 34
1136, PHILEMON, pericles, 2, 11, 2, 6
1137, SUPPLIANTS, pericles, 1, 2, 2, 2
1138, GENTLEMEN, pericles, 2, 8, 4, 4
1139, SERVANT, pericles, 4, 40, 4, 10
1140, DIANA, pericles, 2, 78, 3, 39
1141, LYSIMACHUS, pericles, 41, 819, 9, 20
1142, PANDER, pericles, 11, 242, 5, 22
1143, BAWD, pericles, 44, 947, 5, 22
1144, BOLT, pericles, 39, 745, 7, 19
1145, SAILOR, pericles, 13, 185, 8, 14
1146, GENTLEMAN, pericles, 21, 300, 8, 14
1147, ACT, pericles, 5, 48, 6, 10
1148, FIRST, pericles, 39, 39, 14, 1
1149, SECOND, pericles, 33, 33, 10, 1
1150, ALL, pericles, 2, 19, 3, 10
1151, FISHERMAN, pericles, 33, 757, 4, 23
1152, THIRD, pericles, 10, 10, 6, 1
1153, KNIGHT, pericles, 4, 87, 5, 22
1154, BOTH, pericles, 1, 8, 1, 8
1155, SUPPLIANT, pericles, 1, 20, 2, 20
1156, PIRATE, pericles, 4, 34, 5, 9
1157, TYRIAN, pericles, 2, 2, 3, 1
1158, FROM, pericles, 1, 1, 2, 1
1159, MYTILENE, pericles, 1, 16, 2, 16
1160, EPILOGUE, pericles, 1, 5, 2, 5
1161, FDT, richardII, 1, 9, 0, 9
1162, KING, richardII, 115, 115, 19, 1
1163, RICHARD, richardII, 99, 6262, 19, 63
1164, BUSHY, richardII, 14, 301, 8, 22
1165, BAGOT, richardII, 7, 193, 4, 28
1166, GREEN, richardII, 11, 263, 6, 24
1167, QUEEN, richardII, 26, 978, 10, 38
1168, LADIES, richardII, 1, 0, 2, 0
1169, WAITING, richardII, 1, 1, 2, 1
1170, JOHN, richardII, 1, 1, 2, 1
1171, GAUNT, richardII, 29, 1580, 9, 54
1172, HENRY, richardII, 25, 734, 10, 29
1173, BOLINGBROKE, richardII, 67, 2630, 20, 39
1174, HEREFORD, richardII, 1, 10, 2, 10
1175, DUCHESS, richardII, 34, 1280, 10, 38
1176, GLOUCESTER, richardII, 1, 8, 2, 8
1177, DUKE, richardII, 3, 3, 5, 1
1178, YORK, richardII, 57, 2373, 14, 42
1179, AUMERLE, richardII, 39, 777, 19, 20
1180, SERVINGMEN, richardII, 1, 2, 2, 2
1181, MOWBRAY, richardII, 14, 1104, 6, 79
1182, LORD, richardII, 7, 52, 12, 7
1183, MARSHAL, richardII, 11, 232, 10, 21
1184, FIRST, richardII, 2, 2, 2, 1
1185, HERALD, richardII, 4, 108, 4, 27
1186, SECOND, richardII, 2, 2, 1, 1
1187, EARL, richardII, 2, 2, 4, 1
1188, SALISBURY, richardII, 4, 166, 7, 42
1189, BISHOP, richardII, 1, 1, 2, 1
1190, CARLISLE, richardII, 7, 497, 7, 71
1191, SIR, richardII, 2, 2, 4, 1
1192, STEPHEN, richardII, 1, 1, 2, 1
1193, SCROOP, richardII, 7, 301, 5, 43
1194, BERKELEY, richardII, 3, 79, 4, 26
1195, ABBOT, richardII, 3, 78, 6, 26
1196, WESTMINSTER, richardII, 1, 2, 2, 2
1197, WELSH, richardII, 3, 3, 4, 1
1198, CAPTAIN, richardII, 3, 133, 3, 44
1199, NORTHUMBERLAND, richardII, 39, 1189, 13, 30
1200, ROSS, richardII, 12, 203, 4, 17
1201, WILLOUGHBY, richardII, 9, 129, 7, 14
1202, HARRY, richardII, 1, 1, 2, 1
1203, PERCY, richardII, 13, 388, 7, 30
1204, FITZWATER, richardII, 7, 233, 6, 33
1205, SURREY, richardII, 4, 83, 4, 21
1206, ANOTHER, richardII, 2, 2, 3, 1
1207, GARDENER, richardII, 7, 427, 5, 61
1208, GROOM, richardII, 5, 104, 3, 21
1209, KEEPER, richardII, 5, 56, 3, 11
1210, PIERCE, richardII, 1, 1, 2, 1
1211, EXTON, richardII, 7, 217, 7, 31
1212, ACT, richardII, 5, 50, 9, 10
1213, ALL, richardII, 1, 5, 2, 5
1214, SERVINGMAN, richardII, 5, 60, 2, 12
1215, LADY, richardII, 6, 39, 1, 7
1216, MAN, richardII, 3, 136, 1, 45
1217, III, richardIII, 2, 30, 2, 15
1218, FDT, richardIII, 1, 9, 2, 9
1219, RICHARD, richardIII, 298, 9605, 40, 32
1220, LADY, richardIII, 1, 1, 2, 1
1221, ANNE, richardIII, 52, 1368, 11, 26
1222, KING, richardIII, 13, 13, 10, 1
1223, EDWARD, richardIII, 15, 604, 10, 40
1224, QUEEN, richardIII, 131, 131, 18, 1
1225, ELIZABETH, richardIII, 97, 2350, 16, 24
1226, PRINCE, richardIII, 19, 462, 7, 24
1227, DUKE, richardIII, 4, 4, 8, 1
1228, YORK, richardIII, 24, 391, 8, 16
1229, GEORGE, richardIII, 1, 1, 2, 1
1230, CLARENCE, richardIII, 34, 1416, 10, 42
1231, BOY, richardIII, 8, 175, 5, 22
1232, DAUGHTER, richardIII, 4, 40, 3, 10
1233, DUCHESS, richardIII, 46, 1194, 14, 26
1234, MARGARET, richardIII, 34, 1841, 8, 54
1235, BUCKINGHAM, richardIII, 93, 3157, 27, 34
1236, WILLIAM, richardIII, 3, 3, 5, 1
1237, LORD, richardIII, 7, 25, 10, 4
1238, HASTINGS, richardIII, 45, 1272, 21, 28
1239, STANLEY, richardIII, 35, 922, 17, 26
1240, EARL, richardIII, 4, 4, 7, 1
1241, RIVERS, richardIII, 21, 455, 14, 22
1242, GREY, richardIII, 9, 138, 9, 15
1243, MARQUESS, richardIII, 1, 1, 2, 1
1244, DORSET, richardIII, 9, 142, 12, 16
1245, SIR, richardIII, 9, 9, 17, 1
1246, THOMAS, richardIII, 1, 1, 2, 1
1247, VAUGHAN, richardIII, 3, 33, 6, 11
1248, CATESBY, richardIII, 29, 497, 8, 17
1249, RATCLIFFE, richardIII, 20, 259, 6, 13
1250, LOVELL, richardIII, 3, 26, 4, 9
1251, NORFOLK, richardIII, 9, 87, 3, 10
1252, SURREY, richardIII, 2, 12, 2, 6
1253, RICHMOND, richardIII, 15, 1130, 10, 75
1254, VII, richardIII, 1, 4, 2, 4
1255, OXFORD, richardIII, 2, 17, 4, 9
1256, JAMES, richardIII, 2, 2, 4, 1
1257, BLUNT, richardIII, 4, 75, 4, 19
1258, WALTER, richardIII, 1, 1, 2, 1
1259, HERBERT, richardIII, 2, 14, 4, 7
1260, BRANDON, richardIII, 1, 2, 2, 2
1261, CHRISTOPHER, richardIII, 3, 65, 3, 22
1262, ARCHBISHOP, richardIII, 5, 89, 7, 18
1263, CARDINAL, richardIII, 3, 79, 4, 26
1264, JOHN, richardIII, 2, 4, 4, 2
1265, MORTON, richardIII, 1, 1, 2, 1
1266, BISHOP, richardIII, 1, 90, 2, 90
1267, ELY, richardIII, 6, 59, 6, 10
1268, ROBERT, richardIII, 1, 1, 2, 1
1269, BRAKENBURY, richardIII, 11, 260, 12, 24
1270, TYRREL, richardIII, 11, 296, 4, 27
1271, GENTLEMAN, richardIII, 3, 22, 4, 7
1272, MURDERERS, richardIII, 2, 15, 3, 8
1273, KEEPER, richardIII, 7, 89, 4, 13
1274, CITIZENS, richardIII, 1, 1, 2, 1
1275, MAYOR, richardIII, 9, 133, 5, 15
1276, PURSUIVANT, richardIII, 4, 30, 4, 8
1277, SCRIVENER, richardIII, 2, 126, 3, 63
1278, PAGE, richardIII, 4, 44, 3, 11
1279, SHERIFF, richardIII, 3, 15, 3, 5
1280, MESSENGERS, richardIII, 1, 1, 2, 1
1281, GHOSTS, richardIII, 2, 5, 4, 3
1282, ACT, richardIII, 5, 50, 8, 10
1283, MURDERER, richardIII, 65, 1039, 6, 16
1284, FIRST, richardIII, 43, 43, 7, 1
1285, SECOND, richardIII, 35, 35, 5, 1
1286, BOTH, richardIII, 1, 4, 1, 4
1287, CHILDREN, richardIII, 3, 32, 2, 11
1288, CITIZEN, richardIII, 22, 454, 4, 21
1289, THIRD, richardIII, 12, 12, 3, 1
1290, MESSENGER, richardIII, 18, 420, 11, 23
1291, PRIEST, richardIII, 2, 23, 3, 12
1292, ALL, richardIII, 2, 26, 3, 13
1293, FOURTH, richardIII, 1, 1, 1, 1
1294, GHOST, richardIII, 9, 14, 11, 2
1295, HENRY, richardIII, 1, 62, 1, 62
1296, PRINCES, richardIII, 1, 73, 2, 73
1297, LORDS, richardIII, 1, 5, 2, 5
1298, FDT, romeoAndJuliet, 1, 9, 0, 9
1299, ROMEO, romeoAndJuliet, 164, 5075, 18, 31
1300, MONTAGUE, romeoAndJuliet, 14, 381, 5, 27
1301, LADY, romeoAndJuliet, 49, 49, 8, 1
1302, BENVOLIO, romeoAndJuliet, 64, 1319, 14, 21
1303, ABRAM, romeoAndJuliet, 6, 38, 4, 6
1304, BALTHASAR, romeoAndJuliet, 13, 262, 6, 20
1305, JULIET, romeoAndJuliet, 119, 4554, 14, 38
1306, CAPULET, romeoAndJuliet, 99, 3241, 17, 33
1307, NURSE, romeoAndJuliet, 91, 2410, 14, 26
1308, TYBALT, romeoAndJuliet, 18, 307, 7, 17
1309, PETRUCHIO, romeoAndJuliet, 2, 12, 4, 6
1310, SAMPSON, romeoAndJuliet, 21, 304, 5, 14
1311, GREGORY, romeoAndJuliet, 16, 182, 3, 11
1312, PETER, romeoAndJuliet, 14, 272, 7, 19
1313, ESCALUS, romeoAndJuliet, 1, 4, 2, 4
1314, PARIS, romeoAndJuliet, 24, 600, 10, 25
1315, MERCUTIO, romeoAndJuliet, 63, 2244, 8, 36
1316, FRIAR, romeoAndJuliet, 61, 61, 11, 1
1317, LAWRENCE, romeoAndJuliet, 56, 2861, 11, 51
1318, JOHN, romeoAndJuliet, 5, 109, 2, 22
1319, APOTHECARY, romeoAndJuliet, 5, 71, 3, 14
1320, CHORUS, romeoAndJuliet, 1, 16, 2, 16
1321, THE, romeoAndJuliet, 1, 1, 2, 1
1322, PROLOGUE, romeoAndJuliet, 1, 114, 2, 114
1323, ACT, romeoAndJuliet, 5, 170, 9, 34
1324, CITIZENS, romeoAndJuliet, 1, 21, 2, 21
1325, PRINCE, romeoAndJuliet, 16, 625, 11, 39
1326, SERVINGMAN, romeoAndJuliet, 20, 403, 8, 20
1327, FIRST, romeoAndJuliet, 20, 20, 11, 1
1328, SECOND, romeoAndJuliet, 6, 6, 5, 1
1329, THIRD, romeoAndJuliet, 4, 4, 4, 1
1330, COUSIN, romeoAndJuliet, 2, 22, 1, 11
1331, CITIZEN, romeoAndJuliet, 2, 56, 2, 28
1332, MUSICIAN, romeoAndJuliet, 14, 145, 6, 10
1333, PAGE, romeoAndJuliet, 4, 91, 5, 23
1334, WATCH, romeoAndJuliet, 8, 194, 6, 24
1335, FDT, tamingOfTheShrew, 1, 14, 0, 14
1336, CHRISTOPHER, tamingOfTheShrew, 1, 1, 2, 1
1337, SLY, tamingOfTheShrew, 25, 614, 14, 25
1338, BAPTISTA, tamingOfTheShrew, 69, 1452, 13, 21
1339, MINOLA, tamingOfTheShrew, 1, 6, 2, 6
1340, KATHERINE, tamingOfTheShrew, 83, 1941, 9, 23
1341, BIANCA, tamingOfTheShrew, 30, 613, 11, 20
1342, PETRUCHIO, tamingOfTheShrew, 159, 5010, 22, 32
1343, GREMIO, tamingOfTheShrew, 59, 1456, 11, 25
1344, HORTENSIO, tamingOfTheShrew, 71, 1776, 12, 25
1345, LUCENTIO, tamingOfTheShrew, 62, 1537, 10, 25
1346, VINCENTIO, tamingOfTheShrew, 24, 405, 9, 17
1347, TRANIO, tamingOfTheShrew, 94, 2549, 12, 27
1348, BIONDELLO, tamingOfTheShrew, 42, 916, 10, 22
1349, GRUMIO, tamingOfTheShrew, 64, 1588, 11, 25
1350, CURTIS, tamingOfTheShrew, 21, 217, 3, 10
1351, NATHANIEL, tamingOfTheShrew, 5, 32, 6, 6
1352, PHILLIP, tamingOfTheShrew, 2, 7, 2, 4
1353, JOSEPH, tamingOfTheShrew, 2, 6, 2, 3
1354, NICHOLAS, tamingOfTheShrew, 2, 6, 3, 3
1355, PETER, tamingOfTheShrew, 3, 27, 5, 9
1356, INDUCTION, tamingOfTheShrew, 1, 9, 2, 9
1357, HOSTESS, tamingOfTheShrew, 3, 32, 1, 11
1358, LORD, tamingOfTheShrew, 17, 1117, 8, 66
1359, FIRST, tamingOfTheShrew, 10, 10, 8, 1
1360, HUNTSMAN, tamingOfTheShrew, 6, 116, 4, 19
1361, SECOND, tamingOfTheShrew, 7, 7, 5, 1
1362, THIRD, tamingOfTheShrew, 6, 6, 4, 1
1363, SERVINGMAN, tamingOfTheShrew, 14, 372, 5, 27
1364, PLAYERS, tamingOfTheShrew, 1, 6, 1, 6
1365, PLAYER, tamingOfTheShrew, 3, 44, 3, 15
1366, ALL, tamingOfTheShrew, 2, 4, 3, 2
1367, PAGE, tamingOfTheShrew, 8, 146, 1, 18
1368, MESSENGER, tamingOfTheShrew, 1, 63, 1, 63
1369, ACT, tamingOfTheShrew, 5, 50, 8, 10
1370, SERVANT, tamingOfTheShrew, 2, 35, 3, 18
1371, THE, tamingOfTheShrew, 1, 1, 2, 1
1372, SERVANTS, tamingOfTheShrew, 1, 7, 2, 7
1373, MERCHANT, tamingOfTheShrew, 20, 433, 6, 22
1374, HABERDASHER, tamingOfTheShrew, 1, 10, 1, 10
1375, TAILOR, tamingOfTheShrew, 12, 140, 3, 12
1376, WIDOW, tamingOfTheShrew, 8, 92, 3, 12
1377, FDT, tempest, 1, 9, 0, 9
1378, PROSPERO, tempest, 114, 4897, 14, 43
1379, MIRANDA, tempest, 52, 1125, 6, 22
1380, ARIEL, tempest, 49, 1422, 10, 29
1381, CALIBAN, tempest, 51, 1477, 8, 29
1382, FERDINAND, tempest, 32, 1050, 8, 33
1383, ALONSO, tempest, 41, 842, 12, 21
1384, ANTONIO, tempest, 60, 1118, 7, 19
1385, SEBASTIAN, tempest, 68, 849, 12, 12
1386, GONZALO, tempest, 53, 1324, 10, 25
1387, ADRIAN, tempest, 10, 87, 5, 9
1388, FRANCISCO, tempest, 3, 84, 5, 28
1389, TRINCULO, tempest, 40, 909, 6, 23
1390, STEPHANO, tempest, 61, 1451, 8, 24
1391, SHIPMASTER, tempest, 1, 1, 2, 1
1392, BOATSWAIN, tempest, 13, 383, 8, 29
1393, MARINERS, tempest, 2, 45, 2, 23
1394, ACT, tempest, 5, 50, 7, 10
1395, MASTER, tempest, 2, 26, 2, 13
1396, IRIS, tempest, 4, 315, 2, 79
1397, CERES, tempest, 4, 163, 3, 41
1398, JUNO, tempest, 2, 46, 1, 23
1399, EPILOGUE, tempest, 1, 135, 0, 135
1400, FDT, timonOfAthens, 1, 9, 0, 9
1401, TIMON, timonOfAthens, 211, 6833, 40, 32
1402, FLAVIUS, timonOfAthens, 42, 1639, 16, 39
1403, LUCILIUS, timonOfAthens, 4, 44, 5, 11
1404, FLAMINIUS, timonOfAthens, 11, 256, 9, 23
1405, SERVILIUS, timonOfAthens, 9, 145, 5, 16
1406, SERVANTS, timonOfAthens, 2, 9, 3, 5
1407, APEMANTUS, timonOfAthens, 102, 1986, 22, 19
1408, ALCIBIADES, timonOfAthens, 40, 1275, 10, 32
1409, PHRYNIA, timonOfAthens, 2, 8, 3, 4
1410, TIMANDRA, timonOfAthens, 4, 22, 4, 6
1411, SOLDIER, timonOfAthens, 3, 133, 4, 44
1412, SENATORS, timonOfAthens, 1, 2, 2, 2
1413, LORDS, timonOfAthens, 2, 13, 4, 7
1414, LUCIUS, timonOfAthens, 29, 396, 14, 14
1415, LUCULLUS, timonOfAthens, 7, 298, 4, 43
1416, SEMPRONIUS, timonOfAthens, 3, 219, 4, 73
1417, VENTIDIUS, timonOfAthens, 3, 65, 4, 22
1418, FRIENDS, timonOfAthens, 2, 12, 4, 6
1419, CAPHIS, timonOfAthens, 15, 165, 8, 11
1420, ISIDORE, timonOfAthens, 6, 6, 3, 1
1421, MAN, timonOfAthens, 52, 688, 16, 13
1422, VARRO, timonOfAthens, 20, 21, 12, 1
1423, MEN, timonOfAthens, 7, 77, 5, 11
1424, TITUS, timonOfAthens, 13, 118, 10, 9
1425, HORTENSIUS, timonOfAthens, 7, 88, 6, 13
1426, PHILOTUS, timonOfAthens, 7, 48, 6, 7
1427, POET, timonOfAthens, 31, 783, 8, 25
1428, PAINTER, timonOfAthens, 31, 512, 6, 17
1429, JEWELER, timonOfAthens, 9, 96, 5, 11
1430, MERCHANT, timonOfAthens, 9, 86, 6, 10
1431, OLD, timonOfAthens, 11, 11, 6, 1
1432, ATHENIAN, timonOfAthens, 1, 1, 2, 1
1433, FOOL, timonOfAthens, 10, 201, 8, 20
1434, PAGE, timonOfAthens, 5, 59, 3, 12
1435, STRANGERS, timonOfAthens, 1, 3, 2, 3
1436, HOSTILIUS, timonOfAthens, 1, 1, 2, 1
1437, BANDITTI, timonOfAthens, 1, 15, 2, 15
1438, ACT, timonOfAthens, 5, 52, 9, 10
1439, MESSENGER, timonOfAthens, 6, 140, 5, 23
1440, FIRST, timonOfAthens, 70, 70, 15, 1
1441, LORD, timonOfAthens, 25, 318, 8, 13
1442, SECOND, timonOfAthens, 55, 55, 16, 1
1443, THIRD, timonOfAthens, 20, 20, 12, 1
1444, SERVANT, timonOfAthens, 15, 462, 12, 31
1445, CUPID, timonOfAthens, 1, 49, 1, 49
1446, LADY, timonOfAthens, 1, 11, 2, 11
1447, ALL, timonOfAthens, 12, 39, 9, 3
1448, LADIES, timonOfAthens, 1, 7, 2, 7
1449, SENATOR, timonOfAthens, 47, 1434, 11, 31
1450, THE, timonOfAthens, 6, 11, 2, 2
1451, STRANGER, timonOfAthens, 8, 307, 5, 38
1452, FRIEND, timonOfAthens, 43, 518, 6, 12
1453, AND, timonOfAthens, 1, 1, 2, 1
1454, SOME, timonOfAthens, 2, 2, 3, 1
1455, SPEAK, timonOfAthens, 1, 7, 1, 7
1456, OTHER, timonOfAthens, 1, 8, 2, 8
1457, FOURTH, timonOfAthens, 4, 4, 3, 1
1458, BOTH, timonOfAthens, 10, 61, 3, 6
1459, WOMEN, timonOfAthens, 3, 35, 2, 12
1460, BANDIT, timonOfAthens, 12, 194, 7, 16
1461, OTHERS, timonOfAthens, 1, 3, 2, 3
1462, FDT, titusAndronicus, 1, 9, 0, 9
1463, TITUS, titusAndronicus, 120, 6034, 22, 50
1464, ANDRONICUS, titusAndronicus, 2, 11, 4, 6
1465, LAVINIA, titusAndronicus, 16, 494, 8, 31
1466, LUCIUS, titusAndronicus, 64, 1932, 17, 30
1467, MUTIUS, titusAndronicus, 4, 38, 4, 10
1468, MARTIUS, titusAndronicus, 14, 290, 7, 21
1469, QUINTUS, titusAndronicus, 9, 234, 5, 26
1470, YOUNG, titusAndronicus, 12, 12, 7, 1
1471, MARCUS, titusAndronicus, 65, 2578, 17, 40
1472, PUBLIUS, titusAndronicus, 6, 130, 5, 22
1473, SEMPRONIUS, titusAndronicus, 1, 2, 2, 2
1474, CAIUS, titusAndronicus, 1, 2, 2, 2
1475, VALENTINE, titusAndronicus, 1, 1, 2, 1
1476, SATURNINUS, titusAndronicus, 51, 1713, 14, 34
1477, BASSIANUS, titusAndronicus, 15, 502, 8, 33
1478, TAMORA, titusAndronicus, 50, 2109, 13, 42
1479, AARON, titusAndronicus, 58, 2965, 15, 51
1480, ALARBUS, titusAndronicus, 1, 2, 2, 2
1481, DEMETRIUS, titusAndronicus, 40, 834, 10, 21
1482, CHIRON, titusAndronicus, 31, 468, 9, 15
1483, AEMILIUS, titusAndronicus, 5, 145, 8, 29
1484, MESSENGER, titusAndronicus, 2, 60, 4, 30
1485, NURSE, titusAndronicus, 11, 159, 5, 14
1486, CAPTAIN, titusAndronicus, 2, 47, 4, 24
1487, COUNTRY, titusAndronicus, 13, 13, 5, 1
1488, FELLOW, titusAndronicus, 13, 200, 6, 15
1489, FIRST, titusAndronicus, 3, 3, 3, 1
1490, GOTH, titusAndronicus, 8, 293, 7, 37
1491, SECOND, titusAndronicus, 2, 2, 2, 1
1492, ACT, titusAndronicus, 5, 48, 7, 10
1493, TRIBUNES, titusAndronicus, 1, 21, 1, 21
1494, GOTHS, titusAndronicus, 1, 12, 2, 12
1495, ROMANS, titusAndronicus, 2, 16, 3, 8
1496, ROMAN, titusAndronicus, 1, 39, 1, 39
1497, FDT, troilusAndCressida, 1, 9, 0, 9
1498, PROLOGUE, troilusAndCressida, 2, 231, 4, 116
1499, PRIAM, troilusAndCressida, 7, 156, 6, 22
1500, CASSANDRA, troilusAndCressida, 14, 295, 4, 21
1501, TROILUS, troilusAndCressida, 135, 4301, 19, 32
1502, HECTOR, troilusAndCressida, 58, 1684, 15, 29
1503, PARIS, troilusAndCressida, 29, 798, 13, 28
1504, HELENUS, troilusAndCressida, 2, 41, 3, 21
1505, DEIPHOBUS, troilusAndCressida, 3, 16, 4, 5
1506, BASTARD, troilusAndCressida, 4, 28, 4, 7
1507, ANDROMACHE, troilusAndCressida, 7, 133, 5, 19
1508, AENEAS, troilusAndCressida, 45, 1155, 13, 26
1509, ANTENOR, troilusAndCressida, 1, 1, 2, 1
1510, BOY, troilusAndCressida, 3, 21, 2, 7
1511, MAN, troilusAndCressida, 17, 604, 5, 36
1512, SERVINGMAN, troilusAndCressida, 2, 431, 4, 216
1513, CRESSIDA, troilusAndCressida, 154, 2460, 11, 16
1514, CALCHAS, troilusAndCressida, 5, 244, 5, 49
1515, PANDARUS, troilusAndCressida, 154, 3491, 10, 23
1516, ALEXANDER, troilusAndCressida, 9, 287, 3, 32
1517, AGAMEMNON, troilusAndCressida, 55, 1543, 17, 28
1518, NESTOR, troilusAndCressida, 39, 1228, 10, 31
1519, ULYSSES, troilusAndCressida, 81, 3708, 13, 46
1520, DIOMEDES, troilusAndCressida, 57, 820, 16, 14
1521, MENELAUS, troilusAndCressida, 13, 114, 7, 9
1522, AJAX, troilusAndCressida, 56, 663, 12, 12
1523, ACHILLES, troilusAndCressida, 75, 1492, 13, 20
1524, HELEN, troilusAndCressida, 20, 230, 4, 12
1525, PATROCLUS, troilusAndCressida, 38, 487, 7, 13
1526, MYRMIDONS, troilusAndCressida, 1, 3, 2, 3
1527, THERSITES, troilusAndCressida, 90, 2515, 13, 28
1528, ACT, troilusAndCressida, 5, 50, 9, 10
1529, ALL, troilusAndCressida, 2, 14, 3, 7
1530, MYRMIDON, troilusAndCressida, 1, 13, 1, 13
1531, SOLDIERS, troilusAndCressida, 1, 8, 2, 8
1532, FDT, twelfthNight, 1, 9, 0, 9
1533, VIOLA, twelfthNight, 123, 2867, 16, 23
1534, CESARIO, twelfthNight, 1, 1, 2, 1
1535, OLIVIA, twelfthNight, 120, 2619, 14, 22
1536, MARIA, twelfthNight, 60, 1354, 8, 23
1537, SIR, twelfthNight, 2, 2, 4, 1
1538, TOBY, twelfthNight, 153, 3084, 14, 20
1539, BELCH, twelfthNight, 1, 3, 2, 3
1540, ANDREW, twelfthNight, 89, 1373, 13, 15
1541, AGUECHEEK, twelfthNight, 1, 4, 2, 4
1542, MALVOLIO, twelfthNight, 88, 2402, 9, 27
1543, FOOL, twelfthNight, 105, 2727, 10, 26
1544, FABIAN, twelfthNight, 52, 991, 9, 19
1545, ORSINO, twelfthNight, 60, 1770, 13, 30
1546, VALENTINE, twelfthNight, 4, 109, 4, 27
1547, CURIO, twelfthNight, 5, 50, 3, 10
1548, SEBASTIAN, twelfthNight, 32, 1085, 8, 34
1549, ANTONIO, twelfthNight, 28, 877, 11, 31
1550, CAPTAIN, twelfthNight, 11, 260, 3, 24
1551, PRIEST, twelfthNight, 2, 61, 4, 31
1552, OFFICERS, twelfthNight, 1, 9, 2, 9
1553, ACT, twelfthNight, 5, 50, 9, 10
1554, SERVANT, twelfthNight, 1, 23, 1, 23
1555, FIRST, twelfthNight, 5, 5, 4, 1
1556, OFFICER, twelfthNight, 8, 143, 4, 18
1557, SECOND, twelfthNight, 3, 3, 2, 1
1558, FDT, twoGentlemenOfVerona, 1, 9, 0, 9
1559, VALENTINE, twoGentlemenOfVerona, 150, 3139, 15, 21
1560, SPEED, twoGentlemenOfVerona, 118, 1623, 7, 14
1561, PROTEUS, twoGentlemenOfVerona, 149, 3718, 13, 25
1562, LANCE, twoGentlemenOfVerona, 69, 2018, 7, 29
1563, ANTONIO, twoGentlemenOfVerona, 12, 291, 4, 24
1564, PANTINO, twoGentlemenOfVerona, 15, 344, 4, 23
1565, JULIA, twoGentlemenOfVerona, 108, 2747, 13, 25
1566, LUCETTA, twoGentlemenOfVerona, 49, 659, 2, 13
1567, SYLVIA, twoGentlemenOfVerona, 59, 1284, 12, 22
1568, DUKE, twoGentlemenOfVerona, 49, 1643, 7, 34
1569, THURIO, twoGentlemenOfVerona, 36, 452, 7, 13
1570, EGLAMOUR, twoGentlemenOfVerona, 9, 223, 5, 25
1571, HOST, twoGentlemenOfVerona, 17, 200, 5, 12
1572, OUTLAWS, twoGentlemenOfVerona, 2, 22, 4, 11
1573, ACT, twoGentlemenOfVerona, 5, 50, 8, 10
1574, ABC, twoGentlemenOfVerona, 1, 95, 2, 95
1575, SERVANT, twoGentlemenOfVerona, 1, 11, 2, 11
1576, FIRST, twoGentlemenOfVerona, 11, 11, 4, 1
1577, OUTLAW, twoGentlemenOfVerona, 29, 548, 7, 19
1578, SECOND, twoGentlemenOfVerona, 10, 10, 3, 1
1579, THIRD, twoGentlemenOfVerona, 8, 8, 2, 1
1580, FDT, twoNobleKinsmen, 1, 9, 0, 9
1581, PROLOGUE, twoNobleKinsmen, 2, 288, 4, 144
1582, ARCITE, twoNobleKinsmen, 133, 3961, 15, 30
1583, PALAMON, twoNobleKinsmen, 140, 4556, 12, 33
1584, THESEUS, twoNobleKinsmen, 72, 2621, 17, 36
1585, HIPPOLYTA, twoNobleKinsmen, 26, 769, 6, 30
1586, EMILIA, twoNobleKinsmen, 64, 2892, 14, 45
1587, PIRITHOUS, twoNobleKinsmen, 37, 964, 9, 26
1588, QUEENS, twoNobleKinsmen, 3, 27, 6, 9
1589, JAILER, twoNobleKinsmen, 65, 880, 13, 14
1590, DAUGHTER, twoNobleKinsmen, 65, 2861, 17, 44
1591, BROTHER, twoNobleKinsmen, 10, 67, 5, 7
1592, WOOER, twoNobleKinsmen, 40, 841, 8, 21
1593, FRIENDS, twoNobleKinsmen, 1, 5, 2, 5
1594, DOCTOR, twoNobleKinsmen, 31, 734, 7, 24
1595, ARTESIUS, twoNobleKinsmen, 1, 4, 2, 4
1596, VALERIUS, twoNobleKinsmen, 4, 88, 4, 22
1597, WOMAN, twoNobleKinsmen, 11, 93, 4, 8
1598, GENTLEMAN, twoNobleKinsmen, 4, 29, 5, 7
1599, KNIGHTS, twoNobleKinsmen, 3, 22, 6, 7
1600, COUNTRYMEN, twoNobleKinsmen, 1, 5, 2, 5
1601, BAVIAN, twoNobleKinsmen, 2, 8, 2, 4
1602, SCHOOLMASTER, twoNobleKinsmen, 21, 807, 12, 38
1603, NELL, twoNobleKinsmen, 2, 10, 2, 5
1604, TABORER, twoNobleKinsmen, 2, 12, 4, 6
1605, BOY, twoNobleKinsmen, 1, 2, 2, 2
1606, HERALD, twoNobleKinsmen, 4, 71, 3, 18
1607, MESSENGERS, twoNobleKinsmen, 1, 2, 2, 2
1608, SERVANT, twoNobleKinsmen, 6, 83, 3, 14
1609, EPILOGUE, twoNobleKinsmen, 2, 188, 2, 94
1610, ACT, twoNobleKinsmen, 5, 182, 8, 36
1611, FIRST, twoNobleKinsmen, 37, 37, 14, 1
1612, QUEEN, twoNobleKinsmen, 28, 1073, 8, 38
1613, SECOND, twoNobleKinsmen, 34, 34, 12, 1
1614, THIRD, twoNobleKinsmen, 23, 23, 11, 1
1615, ALL, twoNobleKinsmen, 4, 23, 8, 6
1616, THE, twoNobleKinsmen, 1, 68, 2, 68
1617, COUNTRYMAN, twoNobleKinsmen, 43, 696, 8, 16
1618, FOURTH, twoNobleKinsmen, 10, 10, 3, 1
1619, BOTH, twoNobleKinsmen, 2, 14, 2, 7
1620, FRIEND, twoNobleKinsmen, 25, 320, 5, 13
1621, MESSENGER, twoNobleKinsmen, 8, 375, 5, 47
1622, KNIGHT, twoNobleKinsmen, 6, 97, 4, 16
1623, AND, twoNobleKinsmen, 1, 1, 2, 1
1624, FDT, venusAndAdonis, 1, 17, 0, 17
1625, THE, venusAndAdonis, 1, 1, 2, 1
1626, RIGHT, venusAndAdonis, 1, 1, 2, 1
1627, HONORABLE, venusAndAdonis, 1, 10478, 2, 10478
1628, FINIS, venusAndAdonis, 1, 0, 0, 0
1629, FDT, wintersTale, 1, 9, 0, 9
1630, LEONTES, wintersTale, 127, 5171, 18, 41
1631, HERMIONE, wintersTale, 36, 1662, 10, 46
1632, MAMILLIUS, wintersTale, 14, 177, 6, 13
1633, PERDITA, wintersTale, 26, 958, 10, 37
1634, POLIXENES, wintersTale, 58, 2082, 12, 36
1635, FLORIZELL, wintersTale, 46, 1487, 7, 32
1636, CAMILLO, wintersTale, 73, 2256, 10, 31
1637, ANTIGONUS, wintersTale, 20, 841, 8, 42
1638, PAULINA, wintersTale, 60, 2529, 12, 42
1639, CLEOMENES, wintersTale, 9, 152, 5, 17
1640, DION, wintersTale, 6, 206, 4, 34
1641, EMILIA, wintersTale, 5, 155, 4, 31
1642, SHEPHERD, wintersTale, 108, 1234, 11, 11
1643, SON, wintersTale, 65, 1740, 8, 27
1644, AUTOLYCUS, wintersTale, 68, 2597, 14, 38
1645, ARCHIDAMUS, wintersTale, 8, 199, 5, 25
1646, TIME, wintersTale, 2, 277, 4, 139
1647, TWO, wintersTale, 1, 1, 2, 1
1648, LADIES, wintersTale, 1, 4, 2, 4
1649, LORDS, wintersTale, 3, 24, 6, 8
1650, SERVANTS, wintersTale, 1, 2, 2, 2
1651, GENTLEMEN, wintersTale, 1, 5, 2, 5
1652, OFFICER, wintersTale, 6, 214, 6, 36
1653, MARINER, wintersTale, 4, 88, 3, 22
1654, JAILER, wintersTale, 7, 90, 4, 13
1655, MOPSA, wintersTale, 14, 170, 5, 12
1656, DORCAS, wintersTale, 12, 88, 4, 7
1657, SERVANT, wintersTale, 19, 566, 10, 30
1658, SHEPHERDS, wintersTale, 1, 2, 2, 2
1659, SHEPHERDESSES, wintersTale, 1, 2, 2, 2
1660, COUNTRYMEN, wintersTale, 1, 6, 2, 6
1661, ACT, wintersTale, 5, 50, 9, 10
1662, FIRST, wintersTale, 10, 10, 5, 1
1663, LADY, wintersTale, 7, 84, 4, 12
1664, SECOND, wintersTale, 7, 7, 3, 1
1665, LORD, wintersTale, 18, 471, 7, 26
1666, GENTLEMAN, wintersTale, 16, 974, 4, 61
1667, THIRD, wintersTale, 6, 6, 1, 1
